grid_point_index,reaction_coordinate_xi_angstrom,compression_coordinate_sigma_angstrom,q_nh_angstrom,q_oh_angstrom,dft_energy_hartree,relative_dft_energy_kcal_per_mol
0,-1.8000000000000005,3.533333333333333,0.8666666447293124,2.666666666666667,-284.331875922356,15.779390774923815
1,-1.8000000000000005,3.604166666666666,0.9020833246891882,2.702083333333334,-284.342800416297,8.924167327607352
2,-1.8000000000000005,3.675,0.937499986994886,2.7375,-284.349441745587,4.756670277756352
3,-1.6800000000000002,3.3916666666666666,0.8558333201224664,2.5358333333333336,-284.329434775866,17.311233324983505
4,-1.6800000000000002,3.4624999999999995,0.8912499823722777,2.57125,-284.342158544497,9.326947963231865
5,-1.6800000000000002,3.533333333333333,0.9266666613960376,2.6066666666666665,-284.350283305726,4.228583317534735
6,-1.6800000000000002,3.604166666666666,0.9620833256629304,2.6420833333333333,-284.354698256163,1.4581600908188896
7,-1.6800000000000002,3.675,0.997499989477411,2.6775000000000007,-284.356129585831,0.559987163618048
8,-1.6800000000000002,3.7458333333333327,1.0329166575640163,2.712916666666666,-284.35516575232,1.1648018232130677
9,-1.6800000000000002,3.8166666666666655,1.0683333191746622,2.748333333333333,-284.352286835592,2.971349345059061
10,-1.56,3.320833333333333,0.8804166642150031,2.4404166666666662,-284.338880477688,11.383965942492832
11,-1.56,3.3916666666666666,0.9158333284134332,2.475833333333333,-284.34866440919,5.244456231403646
12,-1.56,3.4624999999999995,0.9512499907973476,2.5112499999999995,-284.354453002996,1.6120587766251846
13,-1.56,3.533333333333333,0.9866666776504726,2.5466666666666664,-284.35702198218,0.0
14,-1.56,3.604166666666666,1.0220833419944184,2.5820833333333333,-284.357003102563,0.0118471385444799
15,-1.56,3.675,1.0575000148736249,2.6175,-284.354908554435,1.326195932754198
16,-1.56,3.7458333333333327,1.0929166432238966,2.6529166666666666,-284.351160019564,3.678437078140736
17,-1.56,3.8166666666666655,1.1283333156448834,2.688333333333333,-284.346103545547,6.851422429168574
18,-1.56,3.8874999999999993,1.1637499910486968,2.72375,-284.340021095483,10.668217469852914
19,-1.4400000000000002,3.1791666666666663,0.8695833272246521,2.3095833333333333,-284.332907336966,15.132168335463458
20,-1.4400000000000002,3.25,0.9049999981363998,2.345,-284.344556325678,7.822317555422425
21,-1.4400000000000002,3.320833333333333,0.9404166616103932,2.380416666666666,-284.351898476171,3.215048561066319
22,-1.4400000000000002,3.3916666666666666,0.9758333223006572,2.415833333333333,-284.355763251316,0.7898655424792986
23,-1.4400000000000002,3.4624999999999995,1.0112499970716824,2.4512499999999995,-284.356827472887,0.1220564241570996
24,-1.4400000000000002,3.533333333333333,1.0466666609326538,2.486666666666667,-284.355638282199,0.8682848473595878
25,-1.4400000000000002,3.604166666666666,1.082083348263588,2.522083333333333,-284.352646315414,2.7457723510137497
26,-1.4400000000000002,3.675,1.1174999941555193,2.557500000000001,-284.348220594797,5.522953967742219
27,-1.4400000000000002,3.7458333333333327,1.152916648510994,2.5929166666666665,-284.342672092934,9.004691453642724
28,-1.4400000000000002,3.8166666666666655,1.1883333246644512,2.628333333333334,-284.33623560819,13.043646610147736
29,-1.4400000000000002,3.8874999999999993,1.2237500061380835,2.66375,-284.330409581566,16.699533512846997
30,-1.4400000000000002,3.958333333333333,1.2591666919151716,2.6991666666666667,-284.323054465233,21.31493869466005
31,-1.4400000000000002,4.029166666666666,1.294583356259566,2.734583333333333,-284.315371519752,26.136059772702925
32,-1.3200000000000005,3.0375,0.858750000146255,2.17875,-284.324088512926,20.666063970671424
33,-1.3200000000000005,3.108333333333333,0.894166670151659,2.2141666666666664,-284.337842007063,12.035616098228656
34,-1.3200000000000005,3.1791666666666663,0.9295833329037974,2.2495833333333333,-284.34694317357,6.324547890037259
35,-1.3200000000000005,3.25,0.9649999991214572,2.285,-284.352280394459,2.975391217037664
36,-1.3200000000000005,3.320833333333333,1.0004166625034665,2.3204166666666666,-284.354579136742,1.5329086560150793
37,-1.3200000000000005,3.3916666666666666,1.0358333313755863,2.355833333333333,-284.354430766567,1.6260123464944614
38,-1.3200000000000005,3.4624999999999995,1.0712499940027038,2.39125,-284.35231663287,2.95265127081966
39,-1.3200000000000005,3.533333333333333,1.1066666533943228,2.4266666666666663,-284.348632838967,5.26426684545299
40,-1.3200000000000005,3.604166666666666,1.1420833296580664,2.4620833333333336,-284.343704068285,8.357117143892182
41,-1.3200000000000005,3.675,1.1774999932338115,2.4975,-284.337803828514,12.059573499435208
42,-1.3200000000000005,3.7458333333333327,1.212916655194716,2.5329166666666665,-284.332865366824,15.15850499718287
43,-1.3200000000000005,3.8166666666666655,1.2483333271197266,2.5683333333333334,-284.325887598859,19.537120503032725
44,-1.3200000000000005,3.8874999999999993,1.2837499828475931,2.60375,-284.318517726404,24.161785291182728
45,-1.3200000000000005,3.958333333333333,1.319166658839939,2.639166666666666,-284.310883155044,28.95255115001172
46,-1.3200000000000005,4.029166666666666,1.3545833190319876,2.6745833333333326,-284.303089333871,33.84324777521123
47,-1.3200000000000005,4.1,1.3900000069806953,2.7099999999999995,-284.295215300837,38.784278103131854
48,-1.2000000000000002,2.9666666666666663,0.8833333332370523,2.083333333333333,-284.329199593995,17.45881217716725
49,-1.2000000000000002,3.0375,0.9187500001686284,2.1187499999999995,-284.340395262251,10.433424278063828
50,-1.2000000000000002,3.108333333333333,0.9541666663552594,2.1541666666666663,-284.347515801674,5.965218329692045
51,-1.2000000000000002,3.1791666666666663,0.9895833373415313,2.189583333333333,-284.351349916953,3.5592746674661053
52,-1.2000000000000002,3.25,1.0250000042583498,2.225,-284.352527757993,2.8201682559053824
53,-1.2000000000000002,3.320833333333333,1.0604166673806177,2.260416666666667,-284.351584183109,3.4122704350974438
54,-1.2000000000000002,3.3916666666666666,1.0958333315478912,2.2958333333333334,-284.348928788378,5.078555786208784
55,-1.2000000000000002,3.4624999999999995,1.131249993315213,2.3312500000000003,-284.344921957035,7.592880414890959
56,-1.2000000000000002,3.533333333333333,1.1666666620456558,2.3666666666666663,-284.339851977748,10.774340450778594
57,-1.2000000000000002,3.604166666666666,1.2020833230010628,2.4020833333333327,-284.333956824753,14.473604806216231
58,-1.2000000000000002,3.675,1.2375000024106242,2.437500000000001,-284.327432950612,18.567397637295183
59,-1.2000000000000002,3.7458333333333327,1.272916674943542,2.4729166666666664,-284.320443818259,22.953144404282792
60,-1.2000000000000002,3.8166666666666655,1.3083333274227542,2.5083333333333337,-284.313126488053,27.544838433382445
61,-1.2000000000000002,3.8874999999999993,1.343749994769665,2.54375,-284.30559601588,32.2702810661187
62,-1.2000000000000002,3.958333333333333,1.3791666549238375,2.5791666666666666,-284.297941038247,37.07385205454666
63,-1.2000000000000002,4.029166666666666,1.414583312246391,2.614583333333333,-284.290224270303,41.916197048573295
64,-1.2000000000000002,4.1,1.4499999921495177,2.65,-284.282494639301,46.7666137333448
65,-1.08,2.825,0.8724999999786551,1.9525,-284.315432090093,26.098051309865557
66,-1.08,2.895833333333333,0.9079166668794876,1.9879166666666668,-284.328918441531,17.635238011964386
67,-1.08,2.9666666666666663,0.9433333333450188,2.023333333333333,-284.339557875637,10.958892311781344
68,-1.08,3.0375,0.9787499999571958,2.05875,-284.345072373414,7.498492712031863
69,-1.08,3.108333333333333,1.014166667356805,2.0941666666666663,-284.347680058605,5.862145549281793
70,-1.08,3.1791666666666663,1.0495833340701854,2.129583333333333,-284.347943456319,5.696860988313139
71,-1.08,3.25,1.0850000007552856,2.165,-284.346332502049,6.707750055024597
72,-1.08,3.320833333333333,1.1204166621371168,2.2004166666666665,-284.343209026604,8.667760488779642
73,-1.08,3.3916666666666666,1.1558333295580654,2.235833333333334,-284.338892467755,11.37644206186813
74,-1.08,3.4624999999999995,1.1912499957847709,2.27125,-284.333638330585,14.673462914051616
75,-1.08,3.533333333333333,1.2266666576010026,2.306666666666666,-284.327658461831,18.425887210856285
76,-1.08,3.604166666666666,1.2620833376300564,2.3420833333333326,-284.321130295546,22.52237340293155
77,-1.08,3.675,1.2974999948121555,2.3775,-284.314202315271,26.869746661621885
78,-1.08,3.7458333333333327,1.332916661769094,2.4129166666666664,-284.306996844195,31.391248026911995
79,-1.08,3.8166666666666655,1.3683333205445958,2.4483333333333333,-284.299614305957,36.02386071389327
80,-1.08,3.8874999999999993,1.4037499956104886,2.48375,-284.292128704506,40.72114654344405
81,-1.08,3.958333333333333,1.4391666586643057,2.5191666666666666,-284.284594006448,45.44924095904974
82,-1.08,4.029166666666666,1.4745833201675982,2.554583333333334,-284.27705997555,50.17691672542906
83,-1.08,4.1,1.5099999808319151,2.59,-284.269572373105,54.87545819768231
84,-0.9600000000000002,2.683333333333333,0.8616666671166542,1.821666666666667,-284.298642904803,36.633424141146655
85,-0.9600000000000002,2.7541666666666664,0.8970833333323743,1.857083333333333,-284.314956256604,26.396641332301986
86,-0.9600000000000002,2.825,0.9324999999997567,1.8925,-284.326362873546,19.238881134190155
87,-0.9600000000000002,2.895833333333333,0.9679166666665387,1.9279166666666665,-284.333785546544,14.581083505061352
88,-0.9600000000000002,2.9666666666666663,1.0033333333080643,1.9633333333333327,-284.337975337816,11.951949787544963
89,-0.9600000000000002,3.0375,1.0387499999443577,1.99875,-284.339544420764,10.967335372060449
90,-0.9600000000000002,3.108333333333333,1.0741666665697776,2.0341666666666667,-284.341728536688,9.596781937319038
91,-0.9600000000000002,3.1791666666666663,1.1095833339163443,2.069583333333333,-284.339656993262,10.896695063057225
92,-0.9600000000000002,3.25,1.1450000013457786,2.105,-284.336242153776,13.039539192908087
93,-0.9600000000000002,3.320833333333333,1.1804166691414322,2.1404166666666664,-284.331762809002,15.85037047621343
94,-0.9600000000000002,3.3916666666666666,1.215833330928464,2.1758333333333333,-284.326449727161,19.184379667910683
95,-0.9600000000000002,3.4624999999999995,1.2512499977869729,2.21125,-284.320492330284,22.92270264896046
96,-0.9600000000000002,3.533333333333333,1.2866666645849507,2.2466666666666666,-284.314049770998,26.965469638156787
97,-0.9600000000000002,3.604166666666666,1.322083330765326,2.282083333333333,-284.307255486757,31.22894736885064
98,-0.9600000000000002,3.675,1.3574999960070546,2.3175,-284.300220827218,35.64326287637388
99,-0.9600000000000002,3.7458333333333327,1.392916660074316,2.352916666666666,-284.293028583009,40.15646425731106
100,-0.9600000000000002,3.8166666666666655,1.428333321676603,2.3883333333333328,-284.285742025033,44.72884842055343
101,-0.9600000000000002,3.8874999999999993,1.4637499968591026,2.42375,-284.278415325224,49.32642196433452
102,-0.9600000000000002,3.958333333333333,1.4991666613540775,2.4591666666666665,-284.271098811856,53.91760341985269
103,-0.9600000000000002,4.029166666666666,1.5345833247349765,2.494583333333333,-284.263833782029,58.47647846565278
104,-0.9600000000000002,4.1,1.5700000047645923,2.53,-284.256651485473,62.98343760006213
105,-0.8400000000000003,2.5416666666666665,0.8508333324739091,1.6908333333333332,-284.276878414388,50.290848074693685
106,-0.8400000000000003,2.6125,0.886250000572928,1.72625,-284.296677842772,37.86651918271477
107,-0.8400000000000003,2.683333333333333,0.921666666682592,1.7616666666666667,-284.311026518628,28.862589142806176
108,-0.8400000000000003,2.7541666666666664,0.9570833333251864,1.7970833333333331,-284.320936912549,22.643723065705625
109,-0.8400000000000003,2.825,0.9924999999999484,1.8325,-284.32723376523,18.692388351578224
110,-0.8400000000000003,2.895833333333333,1.0279166666595425,1.867916666666667,-284.330599592376,16.580299929396528
111,-0.8400000000000003,2.9666666666666663,1.0633333333287176,1.9033333333333329,-284.33157073068,15.970901443004774
112,-0.8400000000000003,3.0375,1.0987499999163262,1.9387500000000004,-284.334053779585,14.412764730560385
113,-0.8400000000000003,3.108333333333333,1.134166666249692,1.9741666666666668,-284.331739886366,15.86475464746892
114,-0.8400000000000003,3.1791666666666663,1.1695833319996904,2.009583333333333,-284.328202327065,18.084606623894107
115,-0.8400000000000003,3.25,1.204999996857,2.0450000000000004,-284.323695376224,20.912760975761504
116,-0.8400000000000003,3.320833333333333,1.240416666415424,2.080416666666666,-284.318429611142,24.21707845291667
117,-0.8400000000000003,3.3916666666666666,1.2758333306780278,2.115833333333333,-284.312579814434,27.887881308524516
118,-0.8400000000000003,3.4624999999999995,1.3112500061633985,2.15125,-284.306294295372,31.832104069318486
119,-0.8400000000000003,3.533333333333333,1.346666667756205,2.1866666666666665,-284.299695945436,35.97263116736809
120,-0.8400000000000003,3.604166666666666,1.3820833350655293,2.2220833333333325,-284.292881652264,40.24866469184096
121,-0.8400000000000003,3.675,1.4175000020953512,2.2575,-284.285919195067,44.61767254572058
122,-0.8400000000000003,3.7458333333333327,1.4529166685596164,2.292916666666667,-284.278865637503,49.0438467429841
123,-0.8400000000000003,3.8166666666666655,1.488333339532833,2.328333333333333,-284.271776856699,53.49212385704885
124,-0.8400000000000003,3.8874999999999993,1.5237499917723076,2.36375,-284.264701648963,57.93188374233187
125,-0.8400000000000003,3.958333333333333,1.5591666602350442,2.3991666666666664,-284.257677560992,62.339565490780736
126,-0.8400000000000003,4.029166666666666,1.5945833243744725,2.4345833333333333,-284.250726784437,66.70124363114873
127,-0.8400000000000003,4.1,1.6300000038154547,2.47,-284.243875910368,71.00023201506967
128,-0.7200000000000002,2.470833333333333,0.8754166672824608,1.595416666666667,-284.276036585156,50.81910389331795
129,-0.7200000000000002,2.5416666666666665,0.9108333345005204,1.6308333333333334,-284.294176858384,39.4359105806731
130,-0.7200000000000002,2.6125,0.9462499998759236,1.66625,-284.303996294042,33.27412167531467
131,-0.7200000000000002,2.683333333333333,0.9816666668834252,1.7016666666666669,-284.312958291033,27.65038365694318
132,-0.7200000000000002,2.7541666666666664,1.0170833333386249,1.7370833333333335,-284.318590717671,24.115982579640672
133,-0.7200000000000002,2.825,1.0525000001631042,1.7725000000000002,-284.321495903891,22.29295070267003
134,-0.7200000000000002,2.895833333333333,1.087916666667008,1.8079166666666668,-284.322188322247,21.85845162427627
135,-0.7200000000000002,2.9666666666666663,1.1233333333327626,1.8433333333333333,-284.321084160375,22.551323659842154
136,-0.7200000000000002,3.0375,1.1587499999484818,1.87875,-284.322741739108,21.5111773008864
137,-0.7200000000000002,3.108333333333333,1.1941666663292487,1.9141666666666668,-284.319248675066,23.703108080753264
138,-0.7200000000000002,3.1791666666666663,1.229583332229708,1.9495833333333328,-284.314848029176,26.46455506870818
139,-0.7200000000000002,3.25,1.264999997523777,1.985,-284.309739108947,29.670450914650843
140,-0.7200000000000002,3.320833333333333,1.3004166649189626,2.020416666666667,-284.304087299022,33.21701518818232
141,-0.7200000000000002,3.3916666666666666,1.3358333313571054,2.055833333333334,-284.298028720482,37.01883062137393
142,-0.7200000000000002,3.4624999999999995,1.371249999403532,2.09125,-284.291674427508,41.0062096635553
143,-0.7200000000000002,3.533333333333333,1.4066666712574067,2.126666666666667,-284.28511022181,45.12531092874816
144,-0.7200000000000002,3.604166666666666,1.442083330722895,2.1620833333333334,-284.278402852443,49.33424875258553
145,-0.7200000000000002,3.675,1.4775000081451377,2.1975,-284.271610551099,53.59648219662333
146,-0.7200000000000002,3.7458333333333327,1.512916668023856,2.2329166666666658,-284.264784541795,57.87986770493038
147,-0.7200000000000002,3.8166666666666655,1.5483333354155746,2.268333333333333,-284.257972743406,62.15433572942348
148,-0.7200000000000002,3.8874999999999993,1.583750002744335,2.30375,-284.251202715134,66.40259260977922
149,-0.7200000000000002,3.958333333333333,1.6191666704166323,2.339166666666666,-284.244498170168,70.6097580952254
150,-0.7200000000000002,4.029166666666666,1.6545833384390414,2.374583333333333,-284.237884920006,74.75963522622374
151,-0.7200000000000002,4.1,1.6900000061612372,2.41,-284.231375885235,78.8441162120322
152,-0.6000000000000001,2.4,0.9000000063362843,1.5,-284.267988356464,55.86944364698616
153,-0.6000000000000001,2.470833333333333,0.9354166699066732,1.5354166666666669,-284.285249267164,45.03805865179511
154,-0.6000000000000001,2.5416666666666665,0.9708333336419516,1.5708333333333329,-284.297790613708,37.16824487791024
155,-0.6000000000000001,2.6125,1.0062500005456554,1.60625,-284.306474777864,31.71884959568682
156,-0.6000000000000001,2.683333333333333,1.0416666685843377,1.6416666666666666,-284.312008285165,28.24652133952362
157,-0.6000000000000001,2.7541666666666664,1.0770833333497567,1.6770833333333333,-284.311050541049,28.84751484605548
158,-0.6000000000000001,2.825,1.1125000000042962,1.7125,-284.311758244178,28.40342442776902
159,-0.6000000000000001,2.895833333333333,1.1479166666959424,1.7479166666666666,-284.310754528872,29.033265291554013
160,-0.6000000000000001,2.9666666666666663,1.1833333333332678,1.7833333333333334,-284.308359982341,30.535865925828496
161,-0.6000000000000001,3.0375,1.2187499999880822,1.81875,-284.304841212077,32.74392760354548
162,-0.6000000000000001,3.108333333333333,1.2541666665523596,1.8541666666666667,-284.305410603855,32.386628868387454
163,-0.6000000000000001,3.1791666666666663,1.289583332924217,1.8895833333333327,-284.300566040665,35.42663816783087
164,-0.6000000000000001,3.25,1.3249999992915822,1.9250000000000005,-284.295195612449,38.79663275314477
165,-0.6000000000000001,3.320833333333333,1.360416664577962,1.960416666666667,-284.2894271457,42.41640028894471
166,-0.6000000000000001,3.3916666666666666,1.3958333367757945,1.995833333333333,-284.277107116644,50.14733524232584
167,-0.6000000000000001,3.4624999999999995,1.4312500006800375,2.0312500000000004,-284.277089174528,50.15859409011119
168,-0.6000000000000001,3.533333333333333,1.4666666675024165,2.066666666666666,-284.270660015155,54.192952506929664
169,-0.6000000000000001,3.604166666666666,1.5020833354734429,2.1020833333333324,-284.264148889864,58.27874531385208
170,-0.6000000000000001,3.675,1.5374999961912603,2.1375,-284.257599440532,62.3885868195776
171,-0.6000000000000001,3.7458333333333327,1.572916668731918,2.1729166666666666,-284.251051158696,66.49769571049642
172,-0.6000000000000001,3.8166666666666655,1.6083333365308516,2.208333333333333,-284.24453527262,70.5864759550947
173,-0.6000000000000001,3.8874999999999993,1.6437500045830833,2.2437499999999995,-284.23807900889,74.63784261272056
174,-0.6000000000000001,3.958333333333333,1.6791666730979653,2.279166666666667,-284.231704306972,78.63802846058837
175,-0.6000000000000001,4.029166666666666,1.714583341978967,2.3145833333333337,-284.225426738799,82.57726196322568
176,-0.6000000000000001,4.1,1.7500000109963003,2.35,-284.219257066302,86.44878990694758
177,-0.4800000000000002,2.4,0.9600000040936412,1.4399999999999995,-284.269816179233,54.72246754254709
178,-0.4800000000000002,2.470833333333333,0.9954166688858742,1.4754166666666668,-284.285547477658,44.85092874153955
179,-0.4800000000000002,2.5416666666666665,1.0308333339618143,1.5108333333333337,-284.294411249863,39.28882770695358
180,-0.4800000000000002,2.6125,1.0662500018732577,1.54625,-284.30019503953,35.6594448949098
181,-0.4800000000000002,2.683333333333333,1.101666668393162,1.5816666666666668,-284.299784263686,35.9172106287646
182,-0.4800000000000002,2.7541666666666664,1.1370833335051975,1.6170833333333334,-284.300807672138,35.275012129298766
183,-0.4800000000000002,2.825,1.172500000030501,1.6525,-284.300134762507,35.69726929791705
184,-0.4800000000000002,2.895833333333333,1.207916666667126,1.687916666666667,-284.298082867107,36.98485310122204
185,-0.4800000000000002,2.9666666666666663,1.2433333333324517,1.723333333333333,-284.294922124366,38.96824911626825
186,-0.4800000000000002,3.0375,1.2787500000004608,1.75875,-284.290873580532,41.50874872827365
187,-0.4800000000000002,3.108333333333333,1.3141666667032887,1.7941666666666665,-284.286117606056,44.49316777035574
188,-0.4800000000000002,3.1791666666666663,1.34958333369322,1.829583333333333,-284.286158213319,44.46768632808787
189,-0.4800000000000002,3.25,1.3850000016690902,1.865,-284.275041788146,51.443348441885824
190,-0.4800000000000002,3.320833333333333,1.4204166668087677,1.9004166666666669,-284.268961855785,55.25856360006983
191,-0.4800000000000002,3.3916666666666666,1.4558333368972427,1.9358333333333333,-284.26263701939,59.22745835981954
192,-0.4800000000000002,3.4624999999999995,1.4912500003916789,1.97125,-284.262910266572,59.05599316434837
193,-0.4800000000000002,3.533333333333333,1.5266666676403002,2.006666666666667,-284.256689375513,62.9596612409863
194,-0.4800000000000002,3.604166666666666,1.562083335487379,2.042083333333333,-284.25041845889,66.8947208329844
195,-0.4800000000000002,3.675,1.597499999086185,2.0775,-284.244135032541,70.83763039655985
196,-0.4800000000000002,3.7458333333333327,1.6329166681498173,2.112916666666667,-284.237868722565,74.7697992739241
197,-0.4800000000000002,3.8166666666666655,1.6683333357333716,2.148333333333333,-284.2316521612,78.6707504265702
198,-0.4800000000000002,3.8874999999999993,1.7037500036855993,2.1837500000000003,-284.225505254883,82.52799237665674
199,-0.4800000000000002,3.958333333333333,1.7391666719704606,2.2191666666666667,-284.219442478398,86.33244206012726
200,-0.4800000000000002,4.029166666666666,1.7745833406248808,2.254583333333333,-284.213475606403,90.07671076750243
201,-0.4800000000000002,4.1,1.8100000095563824,2.289999999999999,-284.207613998907,93.7549250044826
202,-0.3600000000000003,2.4,1.0200000047765765,1.38,-284.268832158716,55.33994973961615
203,-0.3600000000000003,2.470833333333333,1.055416674056471,1.4154166666666663,-284.278295573846,49.40156708856694
204,-0.3600000000000003,2.5416666666666665,1.090833338052675,1.4508333333333334,-284.284624899526,45.42985525990967
205,-0.3600000000000003,2.6125,1.1262500026459277,1.48625,-284.28836860501,43.080644600598696
206,-0.3600000000000003,2.683333333333333,1.1616666661956634,1.521666666666667,-284.289996981687,42.05882280844394
207,-0.3600000000000003,2.7541666666666664,1.1970833332340949,1.5570833333333336,-284.289893856602,42.12353477628908
208,-0.3600000000000003,2.825,1.2325000001128463,1.5925,-284.288385602853,43.06997829309218
209,-0.3600000000000003,2.895833333333333,1.2679166666724777,1.627916666666667,-284.285734749426,44.73341393287798
210,-0.3600000000000003,2.9666666666666663,1.3033333333333343,1.663333333333333,-284.282154979155,46.97975369291056
211,-0.3600000000000003,3.0375,1.338749999999486,1.69875,-284.277835646818,49.69017565599924
212,-0.3600000000000003,3.108333333333333,1.3741666666905876,1.7341666666666666,-284.272937123528,52.7640454294078
213,-0.3600000000000003,3.1791666666666663,1.409583333541952,1.769583333333333,-284.267580400566,56.12543983799775
214,-0.3600000000000003,3.25,1.4450000009342303,1.805,-284.261859824535,59.715155494527885
215,-0.3600000000000003,3.320833333333333,1.480416666736372,1.8404166666666668,-284.255866133431,63.47625344688387
216,-0.3600000000000003,3.3916666666666666,1.5158333350842212,1.8758333333333328,-284.24966403666,67.36812792974597
217,-0.3600000000000003,3.4624999999999995,1.551250003764583,1.91125,-284.243324368316,71.3463298780402
218,-0.3600000000000003,3.533333333333333,1.5866666670672671,1.946666666666667,-284.2368991241,75.37823149676076
219,-0.3600000000000003,3.604166666666666,1.6220833318376222,1.9820833333333328,-284.230434619058,79.43476965574696
220,-0.3600000000000003,3.675,1.6574999970838504,2.0175000000000005,-284.223959874165,83.497733418218
221,-0.3600000000000003,3.7458333333333327,1.6929166630288268,2.0529166666666665,-284.225452206901,82.56128048791938
222,-0.3600000000000003,3.8166666666666655,1.7283333351756698,2.0883333333333334,-284.219507850702,86.29142032003021
223,-0.3600000000000003,3.8874999999999993,1.76375000278372,2.12375,-284.213635421014,89.97642558501792
224,-0.3600000000000003,3.958333333333333,1.7991666705726552,2.1591666666666667,-284.207845080587,93.60991906100077
225,-0.3600000000000003,4.029166666666666,1.8345833384306989,2.1945833333333327,-284.202151927543,97.18242653338834
226,-0.3600000000000003,4.1,1.8700000062107704,2.23,-284.196574291763,100.68244582822052
227,-0.2400000000000002,2.4,1.080000008295576,1.3200000000000005,-284.265313998536,57.547628583851385
228,-0.2400000000000002,2.470833333333333,1.1154166698282184,1.355416666666667,-284.272822695297,52.83585022844326
229,-0.2400000000000002,2.5416666666666665,1.1508333280729357,1.3908333333333334,-284.277607913974,49.83308017316201
230,-0.2400000000000002,2.6125,1.1862499975495964,1.42625,-284.280149408116,48.23826852077605
231,-0.2400000000000002,2.683333333333333,1.2216666667779603,1.461666666666667,-284.280856110159,47.79480629346896
232,-0.2400000000000002,2.7541666666666664,1.257083334419868,1.4970833333333335,-284.280066546672,48.29026486192927
233,-0.2400000000000002,2.825,1.2925000001836888,1.5325000000000002,-284.278051200228,49.55491384906578
234,-0.2400000000000002,2.895833333333333,1.3279166666795743,1.5679166666666668,-284.275050441754,51.43791822087712
235,-0.2400000000000002,2.9666666666666663,1.3633333333333717,1.6033333333333335,-284.271255787675,53.81909960624288
236,-0.2400000000000002,3.0375,1.3987499999999526,1.6387499999999997,-284.266823893766,56.60015502217429
237,-0.2400000000000002,3.108333333333333,1.4341666666722803,1.6741666666666666,-284.26188173889,59.70140402915466
238,-0.2400000000000002,3.1791666666666663,1.4695833334173984,1.7095833333333337,-284.256524686925,63.06300489024464
239,-0.2400000000000002,3.25,1.5050000002586923,1.7450000000000003,-284.250851072346,66.62325179074685
240,-0.2400000000000002,3.320833333333333,1.5404166673864377,1.780416666666666,-284.244940209656,70.33237412859093
241,-0.2400000000000002,3.3916666666666666,1.5758333338539374,1.815833333333333,-284.238871882783,74.14030673314062
242,-0.2400000000000002,3.4624999999999995,1.61124999705295,1.85125,-284.232689101254,78.02006071864523
243,-0.2400000000000002,3.533333333333333,1.6466666663703122,1.8866666666666665,-284.226431171527,81.94697091034936
244,-0.2400000000000002,3.604166666666666,1.682083332715124,1.922083333333333,-284.220137158521,85.89652370147198
245,-0.2400000000000002,3.675,1.7174999991243871,1.9575,-284.213846228984,89.84414158663084
246,-0.2400000000000002,3.7458333333333327,1.7529166639917604,1.9929166666666664,-284.20758891751,93.77066381871292
247,-0.2400000000000002,3.8166666666666655,1.7883333251240496,2.0283333333333333,-284.201383253017,97.66477708092448
248,-0.2400000000000002,3.8874999999999993,1.8237499983928824,2.06375,-284.195240660496,101.51931208318
249,-0.2400000000000002,3.958333333333333,1.859166663794515,2.099166666666667,-284.189176300655,105.3247553375297
250,-0.2400000000000002,4.029166666666666,1.894583321974724,2.134583333333333,-284.183206315387,109.07097765321402
251,-0.2400000000000002,4.1,1.9299999929161724,2.17,-284.177342622153,112.75050071055188
252,-0.1200000000000001,2.4,1.1400000137188842,1.2599999999999998,-284.261927462395,59.67271209656419
253,-0.1200000000000001,2.470833333333333,1.1754166726049815,1.2954166666666669,-284.268225193208,55.7208263463057
254,-0.1200000000000001,2.5416666666666665,1.210833334360905,1.330833333333333,-284.272050786286,53.32023044596497
255,-0.1200000000000001,2.6125,1.2462500039278388,1.36625,-284.273841390543,52.19660931040215
256,-0.1200000000000001,2.683333333333333,1.2816666681014894,1.4016666666666666,-284.273967733501,52.11732790725951
257,-0.1200000000000001,2.7541666666666664,1.317083333929551,1.4370833333333335,-284.272740644117,52.88733812126117
258,-0.1200000000000001,2.825,1.352500000108779,1.4725,-284.270410034153,54.34981795402924
259,-0.1200000000000001,2.895833333333333,1.3879166666732503,1.5079166666666668,-284.26719264231,56.36876181725504
260,-0.1200000000000001,2.9666666666666663,1.4233333333333713,1.5433333333333332,-284.263264331945,58.833813788378215
261,-0.1200000000000001,3.0375,1.458749999987676,1.5787499999999997,-284.258753413849,61.6644576303425
262,-0.1200000000000001,3.108333333333333,1.4941666665093276,1.6141666666666663,-284.253765494786,64.79442409820695
263,-0.1200000000000001,3.1791666666666663,1.5295833336210136,1.6495833333333327,-284.248401081816,68.16064405969324
264,-0.1200000000000001,3.25,1.565000000044108,1.6850000000000005,-284.242755273871,71.70344203390427
265,-0.1200000000000001,3.320833333333333,1.6004166668588664,1.7204166666666665,-284.236893914565,75.3815005293314
266,-0.1200000000000001,3.3916666666666666,1.635833333142244,1.7558333333333334,-284.230897842218,79.14409273423446
267,-0.1200000000000001,3.4624999999999995,1.6712499996353096,1.79125,-284.224800901422,82.9699808465255
268,-0.1200000000000001,3.533333333333333,1.7066666660277572,1.8266666666666669,-284.218642886577,86.83419350316582
269,-0.1200000000000001,3.604166666666666,1.742083332395586,1.862083333333333,-284.212463674014,90.71170792872344
270,-0.1200000000000001,3.675,1.7774999988553164,1.8975,-284.206292142897,94.5844021741102
271,-0.1200000000000001,3.7458333333333327,1.812916664099042,1.9329166666666664,-284.20015103641,98.43800467593758
272,-0.1200000000000001,3.8166666666666655,1.8483333293590003,1.968333333333333,-284.194056450548,102.2624150448346
273,-0.1200000000000001,3.8874999999999993,1.883749995779692,2.00375,-284.188028293625,106.04514062514367
274,-0.1200000000000001,3.958333333333333,1.919166661356208,2.039166666666666,-284.182088257476,109.77256958492688
275,-0.1200000000000001,4.029166666666666,1.9545833266893216,2.074583333333333,-284.17625065373,113.43572124136055
276,-0.1200000000000001,4.1,1.9899999912238029,2.1100000000000008,-284.170514893719,117.0349649892284
277,0.0,2.4,1.2000000026929891,1.2,-284.26038590655,60.64005299409558
278,0.0,2.470833333333333,1.235416655600966,1.2354166666666666,-284.266003015581,57.11526386030201
279,0.0,2.5416666666666665,1.2708333397838094,1.2708333333333337,-284.269279827443,55.05903337220509
280,0.0,2.6125,1.3062500007604947,1.3062499999999997,-284.270636758521,54.2075462650961
281,0.0,2.683333333333333,1.3416666672010815,1.3416666666666666,-284.270409011756,54.3504595178246
282,0.0,2.7541666666666664,1.3770833334824313,1.3770833333333337,-284.268891463312,55.30273554377498
283,0.0,2.825,1.4125000001225476,1.4125,-284.266345551292,56.900319456471976
284,0.0,2.895833333333333,1.447916666676218,1.4479166666666663,-284.262971962788,59.0172782042984
285,0.0,2.9666666666666663,1.4833333333305532,1.483333333333333,-284.258907447907,61.56779979960173
286,0.0,3.0375,1.5187500000003211,1.5187499999999996,-284.254276210039,64.47394543841864
287,0.0,3.108333333333333,1.5541666667296512,1.5541666666666667,-284.249201876083,67.65813807035269
288,0.0,3.1791666666666663,1.5895833338413476,1.5895833333333331,-284.24379110788,71.05344637971645
289,0.0,3.25,1.6250000000212823,1.6250000000000002,-284.238122088432,74.610809791962
290,0.0,3.320833333333333,1.66041666675591,1.6604166666666669,-284.232246255626,78.29795054573653
291,0.0,3.3916666666666666,1.6958333346732002,1.695833333333333,-284.226231866321,82.07203681535971
292,0.0,3.4624999999999995,1.7312500010931116,1.7312499999999995,-284.220130554338,85.90066788887266
293,0.0,3.533333333333333,1.7666666654691343,1.7666666666666664,-284.213986487028,89.75612833518137
294,0.0,3.604166666666666,1.802083332907732,1.802083333333333,-284.207825328482,93.62231369402348
295,0.0,3.675,1.837500001230861,1.8375,-284.201670436614,97.48456665302317
296,0.0,3.7458333333333327,1.8729166698779969,1.872916666666666,-284.195553492496,101.32300703937727
297,0.0,3.8166666666666655,1.9083333403855816,1.9083333333333328,-284.18948513361,105.13095973236452
298,0.0,3.8874999999999993,1.943750001489576,1.94375,-284.183488641244,108.89381550315544
299,0.0,3.958333333333333,1.979166664651455,1.9791666666666663,-284.177589571808,112.59553746240007
300,0.0,4.029166666666666,2.0145833294172646,2.014583333333333,-284.171785584869,116.2375942539879
301,0.0,4.1,2.0499999925330905,2.0500000000000003,-284.166091928204,119.8104177533126
302,0.1199999999999996,2.4,1.259999988392495,1.14,-284.261293997954,60.07021703478826
303,0.1199999999999996,2.470833333333333,1.2954166643165834,1.175416666666667,-284.266738533451,56.65371942853546
304,0.1199999999999996,2.5416666666666665,1.330833334503752,1.2108333333333334,-284.269828049946,54.715018557660585
305,0.1199999999999996,2.6125,1.3662500041636478,1.24625,-284.270992934597,53.98404240295586
306,0.1199999999999996,2.683333333333333,1.4016666674201748,1.2816666666666665,-284.270594899306,54.23381331908711
307,0.1199999999999996,2.7541666666666664,1.4370833346900798,1.3170833333333332,-284.268928629362,55.27941349529133
308,0.1199999999999996,2.825,1.4724999999688928,1.3525,-284.266227652713,56.974301931768046
309,0.1199999999999996,2.895833333333333,1.5079166666634856,1.387916666666667,-284.262691317557,59.19338574559332
310,0.1199999999999996,2.9666666666666663,1.543333333299559,1.4233333333333331,-284.258478195975,61.83715945370342
311,0.1199999999999996,3.0375,1.5787500000000383,1.4587499999999995,-284.253718140742,64.82413920945201
312,0.1199999999999996,3.108333333333333,1.6141666666712164,1.4941666666666669,-284.248518483584,68.08697333798719
313,0.1199999999999996,3.1791666666666663,1.6495833332981238,1.5295833333333333,-284.242976401493,71.56468235611449
314,0.1199999999999996,3.25,1.6849999999310128,1.5650000000000004,-284.23718423099,75.19932422214457
315,0.1199999999999996,3.320833333333333,1.720416666361098,1.6004166666666662,-284.231215572518,78.94471396077142
316,0.1199999999999996,3.3916666666666666,1.7558333330206377,1.6358333333333337,-284.225116632208,82.77185678703077
317,0.1199999999999996,3.4624999999999995,1.791249999368309,1.6712499999999997,-284.218924419912,86.65752866818963
318,0.1199999999999996,3.533333333333333,1.82666666554263,1.706666666666667,-284.212681148552,90.57524059574024
319,0.1199999999999996,3.604166666666666,1.86208333151072,1.742083333333333,-284.206430353822,94.49767350925264
320,0.1199999999999996,3.675,1.8974999972124864,1.7775,-284.200202806152,98.40551867235332
321,0.1199999999999996,3.7458333333333327,1.932916662562281,1.8129166666666665,-284.194016688355,102.28736619762346
322,0.1199999999999996,3.8166666666666655,1.968333327529286,1.8483333333333327,-284.187887234535,106.13365654050229
323,0.1199999999999996,3.8874999999999993,2.003749994673831,1.88375,-284.181826332722,109.93692984955332
324,0.1199999999999996,3.958333333333333,2.039166658806652,1.919166666666667,-284.175862927292,113.67902325456332
325,0.1199999999999996,4.029166666666666,2.074583321888406,1.954583333333333,-284.170004612722,117.35517114927478
326,0.1199999999999996,4.1,2.10999999776956,1.99,-284.164255662962,120.9626915895904
327,0.2399999999999997,2.4,1.3200000097920197,1.0799999999999998,-284.264184947171,58.25611901210054
328,0.2399999999999997,2.470833333333333,1.355416655002306,1.1154166666666665,-284.270021186679,54.59382342791159
329,0.2399999999999997,2.5416666666666665,1.390833328060438,1.1508333333333336,-284.273366461039,52.49463207366175
330,0.2399999999999997,2.6125,1.4262500043246689,1.18625,-284.27467225926,51.675231318780185
331,0.2399999999999997,2.683333333333333,1.4616666672332648,1.221666666666667,-284.274313198526,51.90054533113735
332,0.2399999999999997,2.7541666666666664,1.4970833336732643,1.257083333333333,-284.272609149357,52.96985232895847
333,0.2399999999999997,2.825,1.5325000007896483,1.2924999999999998,-284.269828772554,54.71456511430786
334,0.2399999999999997,2.895833333333333,1.5679166668656954,1.3279166666666666,-284.266196771963,56.99367989495241
335,0.2399999999999997,2.9666666666666663,1.6033333333442452,1.3633333333333333,-284.261858484819,59.71599617900621
336,0.2399999999999997,3.0375,1.6387499999999775,1.39875,-284.256939792907,62.80252195378132
337,0.2399999999999997,3.108333333333333,1.674166666666259,1.4341666666666668,-284.25156632107,66.17442644011243
338,0.2399999999999997,3.1791666666666663,1.7095833337582906,1.4695833333333337,-284.24585090189,69.76090612382637
339,0.2399999999999997,3.25,1.7450000000186874,1.505,-284.2398747656,73.51098826407706
340,0.2399999999999997,3.320833333333333,1.780416666736306,1.5404166666666663,-284.233714159167,77.37682716676713
341,0.2399999999999997,3.3916666666666666,1.815833332062464,1.5758333333333334,-284.227431529295,81.31923693346364
342,0.2399999999999997,3.4624999999999995,1.8512499971219831,1.6112499999999998,-284.221069592405,85.31141260534041
343,0.2399999999999997,3.533333333333333,1.8866666664070373,1.6466666666666665,-284.214657755383,89.33490108281184
344,0.2399999999999997,3.604166666666666,1.922083328837332,1.6820833333333332,-284.208234322207,93.36566625676072
345,0.2399999999999997,3.675,1.9574999994837927,1.7175,-284.201837743858,97.37957977233472
346,0.2399999999999997,3.7458333333333327,1.9929166657325388,1.7529166666666665,-284.19549330951,101.3607724332547
347,0.2399999999999997,3.8166666666666655,2.02833333176764,1.788333333333333,-284.189216947819,105.29924885703538
348,0.2399999999999997,3.8874999999999993,2.0637499975401705,1.8237499999999995,-284.183017040497,109.18974943987642
349,0.2399999999999997,3.958333333333333,2.0991666629821952,1.8591666666666669,-284.176913843242,113.01956353947448
350,0.2399999999999997,4.029166666666666,2.134583328007596,1.8945833333333328,-284.170913902136,116.78458342729974
351,0.2399999999999997,4.1,2.1699999925540365,1.93,-284.165038534053,120.47143256300588
352,0.3599999999999999,2.4,1.3800000064143478,1.02,-284.267672538715,56.067622276577474
353,0.3599999999999999,2.470833333333333,1.4154166626857667,1.0554166666666664,-284.274642651382,51.69381054272652
354,0.3599999999999999,2.5416666666666665,1.4508333387954395,1.0908333333333335,-284.278812648547,49.077097814885846
355,0.3599999999999999,2.6125,1.4862500013054898,1.1262500000000002,-284.280693609672,47.89677688857949
356,0.3599999999999999,2.683333333333333,1.5216666683032698,1.1616666666666666,-284.280712045391,47.88520830026404
357,0.3599999999999999,2.7541666666666664,1.557083334899494,1.1970833333333335,-284.279227761517,48.81661049339332
358,0.3599999999999999,2.825,1.5925000000710423,1.2325,-284.276530450036,50.50919900223814
359,0.3599999999999999,2.895833333333333,1.6279166668580145,1.2679166666666666,-284.272879638089,52.800118086974834
360,0.3599999999999999,2.9666666666666663,1.6633333333385434,1.3033333333333332,-284.268468953043,55.56786474046413
361,0.3599999999999999,3.0375,1.6987500000003577,1.33875,-284.263437542101,58.72512277448906
362,0.3599999999999999,3.108333333333333,1.7341666667644309,1.3741666666666668,-284.257906443561,62.19593951029146
363,0.3599999999999999,3.1791666666666663,1.7695833333391098,1.4095833333333332,-284.251998608983,65.90316167919082
364,0.3599999999999999,3.25,1.805000000047696,1.445,-284.245812949235,69.78472177438191
365,0.3599999999999999,3.320833333333333,1.840416666876613,1.480416666666666,-284.239426322761,73.79239039412623
366,0.3599999999999999,3.3916666666666666,1.8758333325447687,1.5158333333333334,-284.232897327279,77.8893969152144
367,0.3599999999999999,3.4624999999999995,1.9112499981188669,1.55125,-284.226280254757,82.04167261331715
368,0.3599999999999999,3.533333333333333,1.94666666266026,1.586666666666667,-284.219631578085,86.21378021497972
369,0.3599999999999999,3.604166666666666,1.9820833328719003,1.622083333333333,-284.212985340328,90.3843573743886
370,0.3599999999999999,3.675,2.0174999990027005,1.6574999999999998,-284.206359439489,94.54217292504448
371,0.3599999999999999,3.7458333333333327,2.0529166647215584,1.6929166666666662,-284.199778450547,98.67180583485724
372,0.3599999999999999,3.8166666666666655,2.0883333298653888,1.7283333333333335,-284.193269611478,102.75616401580638
373,0.3599999999999999,3.8874999999999993,2.123749994283161,1.7637499999999997,-284.18685231979,106.78307534786772
374,0.3599999999999999,3.958333333333333,2.1591666578855,1.7991666666666664,-284.180536615239,110.74623978897668
375,0.3599999999999999,4.029166666666666,2.194583320611361,1.8345833333333328,-284.174336430155,114.63691467014776
376,0.3599999999999999,4.1,2.229999997336161,1.87,-284.168270948172,118.44306207923968
377,0.4799999999999995,2.4,1.4399999967096,0.9600000000000002,-284.269447186386,54.954014049883895
378,0.4799999999999995,2.470833333333333,1.4754166774367723,0.9954166666666668,-284.278620468888,49.197692371627696
379,0.4799999999999995,2.5416666666666665,1.510833334127203,1.0308333333333333,-284.284450116751,45.5395331071552
380,0.4799999999999995,2.6125,1.546250001393067,1.0662500000000004,-284.287562408107,43.58654079519124
381,0.4799999999999995,2.683333333333333,1.581666666825116,1.1016666666666666,-284.288473363426,43.01490770207051
382,0.4799999999999995,2.7541666666666664,1.61708333491321,1.1370833333333337,-284.287605743306,43.55934754726118
383,0.4799999999999995,2.825,1.6525000000326948,1.1725,-284.285304354597,45.00349076568741
384,0.4799999999999995,2.895833333333333,1.6879166669588117,1.207916666666667,-284.281856399597,47.16711519430302
385,0.4799999999999995,2.9666666666666663,1.723333333329801,1.2433333333333336,-284.277500167593,49.90069204802965
386,0.4799999999999995,3.0375,1.7587500000030405,1.2787500000000005,-284.272450387855,53.06947667558442
387,0.4799999999999995,3.108333333333333,1.7941666668901786,1.3141666666666665,-284.266844715865,56.587088957797725
388,0.4799999999999995,3.1791666666666663,1.8295833333461533,1.3495833333333331,-284.260796008272,60.38271027823095
389,0.4799999999999995,3.25,1.8649999999220304,1.3850000000000002,-284.254408708677,64.39080128778487
390,0.4799999999999995,3.320833333333333,1.900416666347589,1.4204166666666662,-284.247784753255,68.54739607083503
391,0.4799999999999995,3.3916666666666666,1.9358333323855443,1.455833333333333,-284.241006019222,72.80111589869114
392,0.4799999999999995,3.4624999999999995,1.9712499976958413,1.4912500000000002,-284.234126863926,77.11785102049456
393,0.4799999999999995,3.533333333333333,2.006666661782896,1.526666666666667,-284.227195564526,81.46730706154999
394,0.4799999999999995,3.604166666666666,2.04208333275013,1.5620833333333333,-284.220259200749,85.81994104717516
395,0.4799999999999995,3.675,2.077499998742976,1.5975,-284.213350894471,90.15496868637176
396,0.4799999999999995,3.7458333333333327,2.1129166641700654,1.6329166666666663,-284.206491827893,94.45909794728875
397,0.4799999999999995,3.8166666666666655,2.14833332871195,1.6683333333333334,-284.199703656845,98.71873959147908
398,0.4799999999999995,3.8874999999999993,2.183749991893657,1.7037499999999997,-284.193014883748,102.91600807969397
399,0.4799999999999995,3.958333333333333,2.2191666649433808,1.7391666666666663,-284.186439238314,107.0422878876072
400,0.4799999999999995,4.029166666666666,2.254583330365398,1.7745833333333334,-284.179985138384,111.0922967402389
401,0.4799999999999995,4.1,2.289999995197991,1.81,-284.173663779329,115.0590094362019
402,0.5999999999999996,2.4,1.4999999865867433,0.9000000000000004,-284.266310006479,56.92262416337579
403,0.5999999999999996,2.470833333333333,1.535416668369065,0.9354166666666668,-284.279248676025,48.80348644146952
404,0.5999999999999996,2.5416666666666665,1.5708333342553678,0.9708333333333334,-284.287980518995,43.324172251758455
405,0.5999999999999996,2.6125,1.6062500004100138,1.00625,-284.2933064546,39.98209720139734
406,0.5999999999999996,2.683333333333333,1.6416666668186553,1.0416666666666667,-284.295879663762,38.36738407349993
407,0.5999999999999996,2.7541666666666664,1.6770833337561868,1.0770833333333334,-284.296235422028,38.14414239108408
408,0.5999999999999996,2.825,1.712500000030743,1.1125000000000005,-284.294808953098,39.039265159110776
409,0.5999999999999996,2.895833333333333,1.747916666858404,1.1479166666666665,-284.29195738684,40.8286500019346
410,0.5999999999999996,2.9666666666666663,1.7833333333345949,1.1833333333333331,-284.287974564839,43.32790854109098
411,0.5999999999999996,3.0375,1.818750000024209,1.2187499999999998,-284.283102878495,46.38493787659024
412,0.5999999999999996,3.108333333333333,1.8541666663408505,1.2541666666666669,-284.277544207374,49.87305666824172
413,0.5999999999999996,3.1791666666666663,1.889583333320458,1.2895833333333335,-284.271460016991,53.69094377556417
414,0.5999999999999996,3.25,1.92499999992271,1.3250000000000002,-284.264963004849,57.76788044777596
415,0.5999999999999996,3.320833333333333,1.9604166663498128,1.3604166666666666,-284.258170661284,62.03014038590243
416,0.5999999999999996,3.3916666666666666,1.9958333323480624,1.3958333333333333,-284.251166426949,66.42536378967276
417,0.5999999999999996,3.4624999999999995,2.0312499975071665,1.43125,-284.244029002587,70.90416519722757
418,0.5999999999999996,3.533333333333333,2.0666666612449216,1.4666666666666668,-284.236815719593,75.43056861507972
419,0.5999999999999996,3.604166666666666,2.1020833326278043,1.5020833333333332,-284.229573507078,79.9751255814178
420,0.5999999999999996,3.675,2.137499998495301,1.5375000000000003,-284.222350176242,84.50783411528998
421,0.5999999999999996,3.7458333333333327,2.172916663733155,1.5729166666666667,-284.215184362195,89.00445031917427
422,0.5999999999999996,3.8166666666666655,2.20833332794398,1.6083333333333334,-284.208095361356,93.45286550726274
423,0.5999999999999996,3.8874999999999993,2.2437499906177027,1.6437499999999998,-284.201101536543,97.84155683738103
424,0.5999999999999996,3.958333333333333,2.2791666645876822,1.6791666666666665,-284.194216310499,102.1621014110604
425,0.5999999999999996,4.029166666666666,2.314583329623616,1.7145833333333331,-284.18746328929,106.399686198235
426,0.5999999999999996,4.1,2.3499999936815,1.7499999999999998,-284.18084486078,110.55281279168406
427,0.7199999999999998,2.470833333333333,1.5954166684941118,0.8754166666666668,-284.272955633814,52.75243004957687
428,0.7199999999999998,2.5416666666666665,1.6308333322783617,0.9108333333333334,-284.286418106971,44.30460059923565
429,0.7199999999999998,2.6125,1.6662500003790026,0.94625,-284.295407121808,38.66390862650725
430,0.7199999999999998,2.683333333333333,1.701666668186958,0.9816666666666668,-284.300799660945,35.28003922878007
431,0.7199999999999998,2.7541666666666664,1.7370833336755154,1.0170833333333336,-284.303300249785,33.71089604093899
432,0.7199999999999998,2.825,1.7725000000174584,1.0525000000000002,-284.303481182447,33.59735908138136
433,0.7199999999999998,2.895833333333333,1.807916666731336,1.0879166666666669,-284.301806984473,34.647934171531006
434,0.7199999999999998,2.9666666666666663,1.8433333333333344,1.1233333333333333,-284.298654373234,36.626227592034006
435,0.7199999999999998,3.0375,1.8787499998792625,1.1587499999999995,-284.294331847512,39.3386534344634
436,0.7199999999999998,3.108333333333333,1.9141666666614725,1.1941666666666666,-284.289097221148,42.62343107107197
437,0.7199999999999998,3.1791666666666663,1.94958333329884,1.2295833333333333,-284.2831658104,46.34544750997796
438,0.7199999999999998,3.25,1.984999999870232,1.265,-284.276713715901,50.394197935666526
439,0.7199999999999998,3.320833333333333,2.020416666269068,1.3004166666666666,-284.269872407619,54.6871836976026
440,0.7199999999999998,3.3916666666666666,2.0558333322559346,1.3358333333333334,-284.262731439603,59.168208781635016
441,0.7199999999999998,3.4624999999999995,2.0912499973869534,1.3712499999999996,-284.255392545308,63.77343448089717
442,0.7199999999999998,3.533333333333333,2.126666660963916,1.4066666666666665,-284.24793225101,68.45483983217284
443,0.7199999999999998,3.604166666666666,2.1620833325125144,1.442083333333333,-284.240416948432,73.17076340030958
444,0.7199999999999998,3.675,2.19749999822714,1.4775000000000005,-284.232892650326,77.89233174752106
445,0.7199999999999998,3.7458333333333327,2.232916663159995,1.512916666666667,-284.225401419454,82.59315009209872
446,0.7199999999999998,3.8166666666666655,2.26833332685952,1.548333333333333,-284.217982024396,87.24889078279794
447,0.7199999999999998,3.8874999999999993,2.303749988876749,1.5837499999999995,-284.210660569823,91.8431728912796
448,0.7199999999999998,3.958333333333333,2.3391666640481983,1.619166666666667,-284.203448884286,96.36857388972064
449,0.7199999999999998,4.029166666666666,2.374583328755737,1.6545833333333335,-284.196359687527,100.81711201949774
450,0.7199999999999998,4.1,2.409999992437005,1.69,-284.189414910613,105.17502532828554
451,0.8399999999999999,2.5416666666666665,1.690833334099981,0.8508333333333333,-284.275810699483,50.96084929320968
452,0.8399999999999999,2.6125,1.726250003496313,0.8862499999999999,-284.29062569665,41.66429821267636
453,0.8399999999999999,2.683333333333333,1.7616666680552573,0.9216666666666667,-284.300546057225,35.439177965745
454,0.8399999999999999,2.7541666666666664,1.7970833335239107,0.9570833333333332,-284.306550143729,31.671556801395425
455,0.8399999999999999,2.825,1.8325000000050204,0.9925,-284.309420596217,29.87032067031147
456,0.8399999999999999,2.895833333333333,1.867916666668716,1.0279166666666666,-284.309784906069,29.641712786694
457,0.8399999999999999,2.9666666666666663,1.903333333324712,1.063333333333333,-284.308151614456,30.666618747770706
458,0.8399999999999999,3.0375,1.9387499999985944,1.09875,-284.304935732689,32.68461502403322
459,0.8399999999999999,3.108333333333333,1.974166666644768,1.1341666666666663,-284.300475117222,35.48369348972585
460,0.8399999999999999,3.1791666666666663,2.0095833332193704,1.1695833333333334,-284.295046036779,38.89049290314633
461,0.8399999999999999,3.25,2.044999999648471,1.205,-284.288877139659,42.7615342904704
462,0.8399999999999999,3.320833333333333,2.080416665823428,1.2404166666666665,-284.282157937422,46.97789735232103
463,0.8399999999999999,3.3916666666666666,2.115833331512142,1.2758333333333336,-284.275038538328,51.44538773347457
464,0.8399999999999999,3.4624999999999995,2.1512499962730955,1.3112499999999996,-284.267627962845,56.09559405731238
465,0.8399999999999999,3.533333333333333,2.186666666182381,1.346666666666667,-284.260012486249,60.87437777078223
466,0.8399999999999999,3.604166666666666,2.222083332255248,1.3820833333333329,-284.252272155665,65.7315085446222
467,0.8399999999999999,3.675,2.2574999977672863,1.4175000000000002,-284.244485865452,70.61747942108765
468,0.8399999999999999,3.7458333333333327,2.292916662331901,1.4529166666666664,-284.236701185265,75.50243999098205
469,0.8399999999999999,3.8166666666666655,2.328333325440777,1.4883333333333333,-284.228958972351,80.36075194474614
470,0.8399999999999999,3.8874999999999993,2.3637499981235446,1.5237499999999995,-284.221300658561,85.16641640331221
471,0.8399999999999999,3.958333333333333,2.399166663276469,1.5591666666666668,-284.213742816727,89.9090337576177
472,0.8399999999999999,4.029166666666666,2.434583327362559,1.5945833333333332,-284.206317707026,94.56836044094626
473,0.8399999999999999,4.1,2.4699999900761496,1.63,-284.199031182194,99.1407238060294
474,0.96,2.683333333333333,1.8216666675881168,0.8616666666666665,-284.291547674035,41.08574866874063
475,0.96,2.7541666666666664,1.857083333393822,0.8970833333333332,-284.303063706415,33.8593292466546
476,0.96,2.825,1.892500000169432,0.9325,-284.310213240304,29.37292899617708
477,0.96,2.895833333333333,1.9279166666672205,0.9679166666666664,-284.313883507734,27.069801411518288
478,0.96,2.9666666666666663,1.9633333333331904,1.0033333333333334,-284.314784978585,26.504119911903015
479,0.96,3.0375,1.998749999991276,1.0387499999999998,-284.313486834176,27.31871782726517
480,0.96,3.108333333333333,2.03416666658913,1.0741666666666667,-284.310450211363,29.22422741157832
481,0.96,3.1791666666666663,2.0695833330072766,1.1095833333333334,-284.306047613709,31.98689914995567
482,0.96,3.25,2.1049999990856607,1.145,-284.300582141965,35.41653444954174
483,0.96,3.320833333333333,2.1404166646392526,1.180416666666667,-284.294304844707,39.35559795041716
484,0.96,3.3916666666666666,2.175833329378525,1.215833333333333,-284.287423480887,43.673718941951
485,0.96,3.4624999999999995,2.2112499995557933,1.2512499999999995,-284.280108407136,48.263997024166095
486,0.96,3.533333333333333,2.246666665725769,1.2866666666666668,-284.272489096599,53.0451865719951
487,0.96,3.604166666666666,2.2820833314499267,1.322083333333333,-284.264656711723,57.96008228619143
488,0.96,3.675,2.317499996427606,1.3574999999999997,-284.256689668814,62.959477191857125
489,0.96,3.7458333333333327,2.352916660209291,1.3929166666666664,-284.248663131024,67.99620569899993
490,0.96,3.8166666666666655,2.3883333221415577,1.4283333333333332,-284.240641897765,73.02960556269299
491,0.96,3.8874999999999993,2.4237499972487573,1.4637499999999994,-284.232668783914,78.03281004197558
492,0.96,3.958333333333333,2.459166661832892,1.4991666666666663,-284.224780224811,82.9829556158024
493,0.96,4.029166666666666,2.494583342206776,1.534583333333333,-284.217009187968,87.8593548580759
494,0.96,4.1,2.530000011881351,1.5699999999999998,-284.20937834445,92.64778146073238
495,1.0799999999999996,2.825,1.9525000000425887,0.8724999999999999,-284.302611023977,34.14339176522961
496,1.0799999999999996,2.895833333333333,1.9879166666552288,0.9079166666666668,-284.311462037079,28.58929718866611
497,1.0799999999999996,2.9666666666666663,2.0233333333309043,0.9433333333333334,-284.316383498601,25.50103345739047
498,1.0799999999999996,3.0375,2.058749999958279,0.97875,-284.318185273901,24.370402386501645
499,1.0799999999999996,3.108333333333333,2.094166666424361,1.0141666666666669,-284.317513418149,24.79199823607848
500,1.0799999999999996,3.1791666666666663,2.12958333249358,1.049583333333333,-284.314892020375,26.43695017456474
501,1.0799999999999996,3.25,2.1649999978516683,1.0850000000000002,-284.310742936721,29.04053947612961
502,1.0799999999999996,3.320833333333333,2.200416666460244,1.1204166666666668,-284.305406250652,32.389360544510154
503,1.0799999999999996,3.3916666666666666,2.235833332839601,1.1558333333333335,-284.299158759951,36.309720148517656
504,1.0799999999999996,3.4624999999999995,2.271249998943268,1.19125,-284.292227779262,40.658976195408464
505,1.0799999999999996,3.533333333333333,2.306666664579438,1.2266666666666666,-284.284801933366,45.3187648480955
506,1.0799999999999996,3.604166666666666,2.342083329450271,1.2620833333333334,-284.277033661143,50.19342926514045
507,1.0799999999999996,3.675,2.3774999931222283,1.2975,-284.269034374093,55.213057674755454
508,1.0799999999999996,3.7458333333333327,2.412916654980084,1.3329166666666663,-284.26088558473,60.32650020219491
509,1.0799999999999996,3.8166666666666655,2.448333330565553,1.3683333333333334,-284.252662514106,65.48655492461705
510,1.0799999999999996,3.8874999999999993,2.4837500065532283,1.4037499999999996,-284.244434949527,70.64942964643353
511,1.0799999999999996,3.958333333333333,2.519166676210677,1.4391666666666665,-284.236254526265,75.78272274517855
512,1.0799999999999996,4.029166666666666,2.5545833465409187,1.4745833333333334,-284.228159243683,80.86258926057785
513,1.0799999999999996,4.1,2.590000016892134,1.5099999999999998,-284.220183640406,85.8673558782841
514,1.1999999999999995,2.9666666666666663,2.083333333312913,0.8833333333333333,-284.30996555866,29.52835157433736
515,1.1999999999999995,3.0375,2.118749999834118,0.91875,-284.316606263396,25.36124643803262
516,1.1999999999999995,3.108333333333333,2.15416666596716,0.9541666666666666,-284.319688347566,23.42720942150447
517,1.1999999999999995,3.1791666666666663,2.1895833312761424,0.9895833333333331,-284.319955854876,23.25934605008982
518,1.1999999999999995,3.25,2.2249999997958017,1.0250000000000004,-284.318004605476,24.48377353485493
519,1.1999999999999995,3.320833333333333,2.260416666132893,1.0604166666666668,-284.314314804956,26.799158318571333
520,1.1999999999999995,3.3916666666666666,2.295833332124944,1.0958333333333337,-284.309272669665,29.963145983167912
521,1.1999999999999995,3.4624999999999995,2.331249997529878,1.13125,-284.303189618536,33.78031819782341
522,1.1999999999999995,3.533333333333333,2.3666666619852896,1.1666666666666667,-284.296320395485,38.09082074178629
523,1.1999999999999995,3.604166666666666,2.402083324976052,1.2020833333333332,-284.288875206027,42.76274766287384
524,1.1999999999999995,3.675,2.437499998188013,1.2375,-284.281028046939,47.68691433506614
525,1.1999999999999995,3.7458333333333327,2.472916671347784,1.2729166666666665,-284.27291586317,52.777386505463824
526,1.1999999999999995,3.8166666666666655,2.508333340542668,1.3083333333333336,-284.264634284262,57.97415573043328
527,1.1999999999999995,3.8874999999999993,2.5437500103225634,1.3437499999999998,-284.256256681505,63.23118083037521
528,1.1999999999999995,3.958333333333333,2.5791666809540983,1.3791666666666669,-284.247854355922,68.50371973787432
529,1.1999999999999995,4.029166666666666,2.6145833522578537,1.4145833333333329,-284.239492575334,73.75081627689256
530,1.1999999999999995,4.1,2.650000005319937,1.45,-284.231213960286,78.94572565161545
531,1.3199999999999998,3.0375,2.178749999411976,0.8587499999999998,-284.305356520867,32.420566455752585
532,1.3199999999999998,3.108333333333333,2.2141666647150444,0.8941666666666666,-284.314233566642,26.85013613026957
533,1.3199999999999998,3.1791666666666663,2.249583333132071,0.9295833333333332,-284.319009623539,23.85311517872839
534,1.3199999999999998,3.25,2.2849999994275016,0.965,-284.320549158191,22.88704259894315
535,1.3199999999999998,3.320833333333333,2.320416665288863,1.0004166666666665,-284.319537940922,23.521591015592048
536,1.3199999999999998,3.3916666666666666,2.3558333303867305,1.0358333333333332,-284.316525480997,25.41193815876684
537,1.3199999999999998,3.4624999999999995,2.3912499942296632,1.0712499999999998,-284.311954336487,28.28037464607373
538,1.3199999999999998,3.533333333333333,2.4266666560536403,1.106666666666667,-284.306181615223,31.9028119303648
539,1.3199999999999998,3.604166666666666,2.462083336759408,1.1420833333333331,-284.299495469044,36.09843200265349
540,1.3199999999999998,3.675,2.497500005564982,1.1774999999999998,-284.292131882502,40.719152320841246
541,1.3199999999999998,3.7458333333333327,2.532916675082887,1.2129166666666664,-284.284286835709,45.641993507931176
542,1.3199999999999998,3.8166666666666655,2.5683333452833965,1.2483333333333333,-284.276120815964,50.76624826329023
543,1.3199999999999998,3.8874999999999993,2.603750016056321,1.2837499999999995,-284.267752749572,56.01728920385608
544,1.3199999999999998,3.958333333333333,2.6391666871622,1.3191666666666666,-284.259263642147,61.34428453939607
545,1.3199999999999998,4.029166666666666,2.674583338943852,1.354583333333333,-284.250724357091,66.70276681378103
546,1.3199999999999998,4.1,2.710000006896354,1.39,-284.242204953217,72.04877345805285
547,1.4399999999999995,3.1791666666666663,2.309583332682724,0.8695833333333332,-284.308902929633,30.195161356187867
548,1.4399999999999995,3.25,2.3449999983520167,0.905,-284.315835289912,25.84503960349977
549,1.4399999999999995,3.320833333333333,2.380416662963758,0.9404166666666666,-284.319015083418,23.84968905293393
550,1.4399999999999995,3.3916666666666666,2.415833334756909,0.9758333333333334,-284.319240205927,23.70842254571563
551,1.4399999999999995,3.4624999999999995,2.4512500026456343,1.01125,-284.317146211674,25.02242377808135
552,1.4399999999999995,3.533333333333333,2.486666671070169,1.046666666666667,-284.313241630256,27.47258561012617
553,1.4399999999999995,3.604166666666666,2.522083340008987,1.0820833333333333,-284.307937009825,30.80128518688157
554,1.4399999999999995,3.675,2.557500009320494,1.1175000000000002,-284.301562935783,34.80107703662529
555,1.4399999999999995,3.7458333333333327,2.5929166786967324,1.1529166666666664,-284.294387353022,39.30382320109033
556,1.4399999999999995,3.8166666666666655,2.628333347678148,1.1883333333333337,-284.286630733262,44.1711755872056
557,1.4399999999999995,3.8874999999999993,2.6637500156169893,1.2237499999999997,-284.278474938286,49.28901420312954
558,1.4399999999999995,3.958333333333333,2.699166681292166,1.2591666666666663,-284.270066040811,54.56567703513088
559,1.4399999999999995,4.029166666666666,2.734583344115401,1.2945833333333332,-284.261509026947,59.93528430447536
560,1.5599999999999996,3.320833333333333,2.440416668580848,0.8804166666666665,-284.30980233226,29.630777686748857
561,1.5599999999999996,3.3916666666666666,2.475833336291793,0.9158333333333336,-284.315037493622,26.345664333839142
562,1.5599999999999996,3.4624999999999995,2.511250003859788,0.95125,-284.316831031348,25.22020241870135
563,1.5599999999999996,3.533333333333333,2.546666670711957,0.9866666666666668,-284.315922750287,25.790157389600516
564,1.5599999999999996,3.604166666666666,2.582083346564941,1.0220833333333332,-284.312901036587,27.686311364243917
565,1.5599999999999996,3.675,2.617499987798193,1.0575,-284.308240172281,30.61104787358395
566,1.5599999999999996,3.7458333333333327,2.652916655277348,1.0929166666666668,-284.302321197429,34.325260669933655
567,1.5599999999999996,3.8166666666666655,2.688333327383877,1.1283333333333334,-284.29545168973,38.63594183322853
568,1.5599999999999996,3.8874999999999993,2.7237499880392084,1.1637499999999996,-284.287880821272,43.38673351751128
569,1.6799999999999995,3.3916666666666666,2.5358333237492063,0.8558333333333336,-284.300468475853,35.487861011692765
570,1.6799999999999995,3.4624999999999995,2.5712499962625714,0.8912499999999998,-284.30823801825,30.6123995484404
571,1.6799999999999995,3.533333333333333,2.6066666583170544,0.9266666666666666,-284.311984064309,28.261720156136857
572,1.6799999999999995,3.604166666666666,2.6420833167756985,0.9620833333333332,-284.312567662836,27.895506551403333
573,1.6799999999999995,3.675,2.677499993536948,0.9975,-284.31067713527,29.08183051003976
574,1.6799999999999995,3.7458333333333327,2.7129166897428907,1.0329166666666665,-284.306859198948,31.47762172345164
575,1.6799999999999995,3.8166666666666655,2.748333341198279,1.0683333333333331,-284.301555252342,34.80589846866284
576,1.8,3.533333333333333,2.666666680134884,0.8666666666666665,-284.298166250778,36.93252905766236
577,1.8,3.604166666666666,2.702083323318109,0.902083333333333,-284.304307412624,33.07889181756754
578,1.8,3.675,2.7374999897278776,0.9375,-284.306738153109,31.553579134234663
