method,batch_size,replicate_index,time_milliseconds,time_per_sample_milliseconds,peak_memory_gigabytes
EquiformerV2 AD (direct force),1,0,632.195068359375,632.195068359375,6.91820032e-07
EquiformerV2 AD (direct force),1,1,468.7124328613281,468.7124328613281,5.85286656e-07
EquiformerV2 AD (direct force),1,2,549.0675048828125,549.0675048828125,6.52811264e-07
EquiformerV2 AD (direct force),1,3,847.1888427734375,847.1888427734375,7.68327168e-07
EquiformerV2 AD (direct force),1,4,504.7500915527344,504.7500915527344,6.20298752e-07
EquiformerV2 AD (direct force),1,5,434.7238464355469,434.7238464355469,5.46556416e-07
EquiformerV2 AD (direct force),1,6,465.5541687011719,465.5541687011719,5.85286656e-07
EquiformerV2 AD (direct force),1,7,506.6608581542969,506.6608581542969,6.149099519999999e-07
EquiformerV2 AD (direct force),1,8,629.0009765625,629.0009765625,6.86372352e-07
EquiformerV2 AD (direct force),1,9,443.446533203125,443.446533203125,5.53463808e-07
EquiformerV2 AD (direct force),2,0,1613.413330078125,806.7066650390625,9.052047360000001e-07
EquiformerV2 AD (direct force),2,1,1413.8746337890625,706.9373168945312,8.55900672e-07
EquiformerV2 AD (direct force),2,2,1996.7784423828125,998.3892211914062,9.790233600000001e-07
EquiformerV2 AD (direct force),2,3,1737.5252685546875,868.7626342773438,9.04420352e-07
EquiformerV2 AD (direct force),2,4,1599.1336669921875,799.5668334960938,8.9851136e-07
EquiformerV2 AD (direct force),2,5,713.7423095703125,356.87115478515625,6.44113408e-07
EquiformerV2 AD (direct force),2,6,1630.780517578125,815.3902587890625,8.95642112e-07
EquiformerV2 AD (direct force),2,7,2093.845458984375,1046.9227294921875,1.004101632e-06
EquiformerV2 AD (direct force),2,8,2586.25634765625,1293.128173828125,1.1146557439999999e-06
EquiformerV2 AD (direct force),2,9,1560.628173828125,780.3140869140625,8.884910079999999e-07
EquiformerV2 AD (direct force),3,0,1656.040283203125,552.013427734375,8.54457344e-07
EquiformerV2 AD (direct force),3,1,2801.598388671875,933.8661295572916,1.067559936e-06
EquiformerV2 AD (direct force),3,2,2610.009033203125,870.0030110677084,1.0373038079999998e-06
EquiformerV2 AD (direct force),3,3,2726.035400390625,908.678466796875,1.0378280959999999e-06
EquiformerV2 AD (direct force),3,4,3308.859375,1102.953125,1.152286208e-06
EquiformerV2 AD (direct force),3,5,3366.729736328125,1122.2432454427083,1.165317632e-06
EquiformerV2 AD (direct force),3,6,3675.3408203125,1225.1136067708333,1.223791104e-06
EquiformerV2 AD (direct force),3,7,4930.0205078125,1643.3401692708333,1.381264384e-06
EquiformerV2 AD (direct force),3,8,3921.21240234375,1307.07080078125,1.232232448e-06
EquiformerV2 AD (direct force),3,9,2280.636474609375,760.212158203125,9.624033279999999e-07
EquiformerV2 AD (direct force),4,0,4846.359375,1211.58984375,1.3306019839999998e-06
EquiformerV2 AD (direct force),4,1,5179.56591796875,1294.8914794921875,1.369447936e-06
EquiformerV2 AD (direct force),4,2,6877.361328125,1719.34033203125,1.577318912e-06
EquiformerV2 AD (direct force),4,3,6210.9970703125,1552.749267578125,1.474179584e-06
EquiformerV2 AD (direct force),4,4,3978.76025390625,994.6900634765625,1.195782144e-06
EquiformerV2 AD (direct force),4,5,7321.970703125,1830.49267578125,1.605450752e-06
EquiformerV2 AD (direct force),4,6,4631.0859375,1157.771484375,1.284279808e-06
EquiformerV2 AD (direct force),4,7,5978.876953125,1494.71923828125,1.4664714240000002e-06
EquiformerV2 AD (direct force),4,8,4423.2900390625,1105.822509765625,1.2591616e-06
EquiformerV2 AD (direct force),4,9,2795.75341796875,698.9383544921875,1.041391104e-06
EquiformerV2 AD (direct force),5,0,6400.10009765625,1280.02001953125,1.451439104e-06
EquiformerV2 AD (direct force),5,1,9357.9189453125,1871.5837890625,1.754530304e-06
EquiformerV2 AD (direct force),5,2,10058.9892578125,2011.7978515625,1.828540416e-06
EquiformerV2 AD (direct force),5,3,7089.28125,1417.85625,1.534061056e-06
EquiformerV2 AD (direct force),5,4,4546.236328125,909.247265625,1.239128064e-06
EquiformerV2 AD (direct force),5,5,9701.060546875,1940.212109375,1.7864192000000001e-06
EquiformerV2 AD (direct force),5,6,8776.349609375,1755.269921875,1.7151959039999999e-06
EquiformerV2 AD (direct force),5,7,9112.44921875,1822.48984375,1.724248576e-06
EquiformerV2 AD (direct force),5,8,9328.404296875,1865.680859375,1.755336192e-06
EquiformerV2 AD (direct force),5,9,7853.70947265625,1570.74189453125,1.593938944e-06
EquiformerV2 AD (direct force),6,0,8717.5927734375,1452.93212890625,1.634018816e-06
EquiformerV2 AD (direct force),6,1,19199.533203125,3199.9222005208335,2.4790528e-06
EquiformerV2 AD (direct force),6,2,8809.2265625,1468.2044270833333,1.617068544e-06
EquiformerV2 AD (direct force),6,3,12885.6328125,2147.60546875,1.994959872e-06
EquiformerV2 AD (direct force),6,4,11633.001953125,1938.8336588541667,1.91854592e-06
EquiformerV2 AD (direct force),6,5,8341.4482421875,1390.2413736979167,1.614557184e-06
EquiformerV2 AD (direct force),6,6,11917.9609375,1986.3268229166667,1.920788992e-06
EquiformerV2 AD (direct force),6,7,10818.6318359375,1803.1053059895833,1.829427712e-06
EquiformerV2 AD (direct force),6,8,12272.3896484375,2045.3982747395833,1.95330816e-06
EquiformerV2 AD (direct force),6,9,12000.4296875,2000.0716145833333,1.930605568e-06
EquiformerV2 AD (direct force),7,0,20403.62890625,2914.804129464286,2.4941603839999996e-06
EquiformerV2 AD (direct force),7,1,13392.6591796875,1913.237025669643,1.987254784e-06
EquiformerV2 AD (direct force),7,2,15276.85546875,2182.4079241071427,2.099945984e-06
EquiformerV2 AD (direct force),7,3,13377.34375,1911.049107142857,1.992691712e-06
EquiformerV2 AD (direct force),7,4,14959.279296875,2137.0398995535716,2.069307392e-06
EquiformerV2 AD (direct force),7,5,12414.662109375,1773.523158482143,1.912722944e-06
EquiformerV2 AD (direct force),7,6,16534.849609375,2362.1213727678573,2.197325824e-06
EquiformerV2 AD (direct force),7,7,14078.4111328125,2011.2015904017858,2.023152128e-06
EquiformerV2 AD (direct force),7,8,14310.333984375,2044.3334263392858,2.045479424e-06
EquiformerV2 AD (direct force),7,9,13200.626953125,1885.8038504464287,1.9610373119999998e-06
HIP,1,0,36.44598388671875,36.44598388671875,3.94536448e-07
HIP,1,1,35.218624114990234,35.218624114990234,3.73471232e-07
HIP,1,2,35.84102249145508,35.84102249145508,3.85994752e-07
HIP,1,3,37.89823913574219,37.89823913574219,4.1004032000000003e-07
HIP,1,4,35.95878219604492,35.95878219604492,3.79623936e-07
HIP,1,5,35.28294372558594,35.28294372558594,3.66373376e-07
HIP,1,6,35.44073486328125,35.44073486328125,3.73454848e-07
HIP,1,7,35.493953704833984,35.493953704833984,3.7897984e-07
HIP,1,8,36.22604751586914,36.22604751586914,3.93394176e-07
HIP,1,9,34.32831954956055,34.32831954956055,3.67289344e-07
HIP,2,0,41.41430282592773,20.707151412963864,4.3259596800000003e-07
HIP,2,1,39.59910583496094,19.79955291748047,4.22346752e-07
HIP,2,2,41.65836715698242,20.82918357849121,4.4584601600000004e-07
HIP,2,3,40.76204681396485,20.381023406982425,4.31950848e-07
HIP,2,4,41.09823989868164,20.54911994934082,4.31345152e-07
HIP,2,5,35.78675079345703,17.893375396728516,3.80265984e-07
HIP,2,6,40.800254821777344,20.400127410888672,4.2989823999999997e-07
HIP,2,7,43.56710433959961,21.783552169799805,4.5054566399999996e-07
HIP,2,8,45.40284729003906,22.70142364501953,4.75408384e-07
HIP,2,9,41.30425643920898,20.65212821960449,4.2958745599999995e-07
HIP,3,0,39.43328094482422,13.144426981608072,4.1415936e-07
HIP,3,1,44.16694259643555,14.72231419881185,4.58153472e-07
HIP,3,2,42.70284652709961,14.23428217569987,4.5260134399999997e-07
HIP,3,3,42.48780822753906,14.162602742513021,4.5260134399999997e-07
HIP,3,4,44.76723098754883,14.922410329182943,4.7598233599999996e-07
HIP,3,5,47.59142303466797,15.863807678222656,4.78103552e-07
HIP,3,6,46.55001449584961,15.516671498616537,4.90144256e-07
HIP,3,7,50.25859069824219,16.75286356608073,5.2004608e-07
HIP,3,8,47.008766174316406,15.669588724772135,4.88517632e-07
HIP,3,9,42.040287017822266,14.013429005940756,4.3767244799999996e-07
HIP,4,0,48.37091064453125,12.092727661132812,5.07831808e-07
HIP,4,1,49.889278411865234,12.472319602966309,5.138703359999999e-07
HIP,4,2,54.9222412109375,13.730560302734375,5.57409792e-07
HIP,4,3,52.39072036743164,13.09768009185791,5.34850048e-07
HIP,4,4,46.683326721191406,11.670831680297852,4.79472128e-07
HIP,4,5,54.69907379150391,13.674768447875978,5.583303680000001e-07
HIP,4,6,47.9853744506836,11.9963436126709,4.97001472e-07
HIP,4,7,52.07244873046875,13.018112182617188,5.3426944e-07
HIP,4,8,47.52816009521485,11.882040023803713,4.91607552e-07
HIP,4,9,42.03007888793945,10.507519721984863,4.50642432e-07
HIP,5,0,51.57075119018555,10.31415023803711,5.231718399999999e-07
HIP,5,1,57.835391998291016,11.567078399658204,5.845985279999999e-07
HIP,5,2,59.88623809814453,11.977247619628907,5.99562752e-07
HIP,5,3,53.43526458740234,10.687052917480468,5.42121472e-07
HIP,5,4,46.06140899658203,9.212281799316406,4.84166656e-07
HIP,5,5,59.15155029296875,11.83031005859375,5.89640704e-07
HIP,5,6,57.99731063842773,11.599462127685545,5.77691648e-07
HIP,5,7,56.58316802978516,11.316633605957033,5.771023360000001e-07
HIP,5,8,57.372894287109375,11.474578857421875,5.825797119999999e-07
HIP,5,9,55.09020614624024,11.018041229248048,5.512197119999999e-07
HIP,6,0,55.99641418457031,9.332735697428385,5.54469888e-07
HIP,6,1,74.63350677490234,12.438917795817057,7.24179456e-07
HIP,6,2,53.71599960327149,8.952666600545248,5.495224319999999e-07
HIP,6,3,63.4002571105957,10.566709518432617,6.2635776e-07
HIP,6,4,62.18937683105469,10.364896138509115,6.129838079999999e-07
HIP,6,5,55.14275360107422,9.19045893351237,5.52976896e-07
HIP,6,6,61.29663848876953,10.216106414794922,6.11206656e-07
HIP,6,7,59.56713485717773,9.927855809529621,5.9340032e-07
HIP,6,8,61.64582443237305,10.274304072062174,6.18151424e-07
HIP,6,9,62.25104141235352,10.375173568725588,6.134016e-07
HIP,7,0,75.02220916748047,10.71745845249721,7.20922112e-07
HIP,7,1,62.71795272827149,8.959707532610214,6.1899264e-07
HIP,7,2,65.72441864013672,9.389202662876674,6.3773696e-07
HIP,7,3,62.959617614746094,8.99423108782087,6.199075840000001e-07
HIP,7,4,63.77788925170898,9.111127035958425,6.29786112e-07
HIP,7,5,61.69404983520508,8.813435690743583,6.030602239999999e-07
HIP,7,6,68.26598358154297,9.752283368791852,6.59101696e-07
HIP,7,7,62.609153747558594,8.944164821079799,6.22295552e-07
HIP,7,8,64.28569793701172,9.183671133858818,6.29349888e-07
HIP,7,9,62.03267288208008,8.861810411725726,6.11095552e-07
HIP,8,0,75.63168334960938,9.453960418701172,7.23817984e-07
HIP,8,1,69.55452728271484,8.694315910339355,6.72297984e-07
HIP,8,2,64.20345306396484,8.025431632995605,6.26044416e-07
HIP,8,3,69.79993438720703,8.724991798400879,6.692792319999999e-07
HIP,8,4,63.34352111816406,7.917940139770508,6.22375424e-07
HIP,8,5,67.64742279052734,8.455927848815918,6.494796800000001e-07
HIP,8,6,72.99378967285156,9.124223709106445,6.9523456e-07
HIP,8,7,78.9480972290039,9.868512153625488,7.391155199999999e-07
HIP,8,8,71.2010269165039,8.900128364562988,6.76815872e-07
HIP,8,9,75.64697265625,9.45587158203125,7.10554112e-07
HIP,16,0,117.7896957397461,7.361855983734131,1.014152192e-06
HIP,16,1,117.45382690429688,7.340864181518555,1.013366272e-06
HIP,16,2,127.2485122680664,7.95303201675415,1.0784363519999999e-06
HIP,16,3,129.12535095214844,8.070334434509277,1.0872033280000002e-06
HIP,16,4,113.57389068603516,7.098368167877197,9.709608960000001e-07
HIP,16,5,114.0871353149414,7.130445957183838,9.83478272e-07
HIP,16,6,117.24176025390624,7.32761001586914,1.009869824e-06
HIP,16,7,106.78067016601562,6.673791885375977,9.166161919999999e-07
HIP,16,8,115.77439880371094,7.235899925231934,9.944775680000001e-07
HIP,16,9,140.224609375,8.7640380859375,1.17028864e-06
HIP,32,0,240.9911346435547,7.530972957611084,1.813395456e-06
HIP,32,1,242.1153259277344,7.5661039352417,1.82413824e-06
HIP,32,2,226.42483520507807,7.07577610015869,1.720925696e-06
HIP,32,3,219.8865966796875,6.871456146240234,1.662716416e-06
HIP,32,4,206.3192901611328,6.4474778175354,1.577740288e-06
HIP,32,5,230.0149688720703,7.187967777252197,1.741146112e-06
HIP,32,6,233.5490875244141,7.29840898513794,1.761858048e-06
HIP,32,7,245.8749084472656,7.68359088897705,1.8578401280000001e-06
HIP,32,8,218.8554229736328,6.839231967926025,1.662788096e-06
HIP,32,9,204.70477294921875,6.397024154663086,1.566341632e-06
HIP,64,0,432.6748046875,6.7605438232421875,3.049808384e-06
HIP,64,1,402.6944580078125,6.29210090637207,2.844278784e-06
HIP,64,2,438.8462524414063,6.8569726943969735,3.096764416e-06
HIP,64,3,442.1997985839844,6.909371852874756,3.117664256e-06
HIP,64,4,441.596923828125,6.899951934814453,3.113030656e-06
HIP,64,5,441.689208984375,6.901393890380859,3.1158773759999998e-06
HIP,64,6,432.4546508789063,6.757103919982911,3.049483264e-06
HIP,64,7,430.4278869628906,6.725435733795166,3.0412216320000003e-06
HIP,64,8,452.5435485839844,7.070992946624756,3.1848499200000002e-06
HIP,64,9,435.5808715820313,6.805951118469239,3.062208512e-06
