sample_index,model,hessian_method,zpe_eV,dft_zpe_eV,zpe_signed_error_eV,absolute_zpe_error_eV,reaction_delta_zpe_eV,dft_reaction_delta_zpe_eV,reaction_delta_zpe_signed_error_eV,absolute_reaction_delta_zpe_error_eV
0,DFT,DFT,1.2988299688650229,1.2988299688650229,0.0,0.0,-0.1346358732796395,-0.1346358732796395,0.0,0.0
0,AlphaNet AD,Automatic differentiation,1.2764494704205984,1.2988299688650229,-0.022380498444424468,0.0223804984444244,-0.172524379977415,-0.1346358732796395,-0.03788850669777549,0.0378885066977754
0,LeftNet-CF AD,Automatic differentiation,0.5228529829337774,1.2988299688650229,-0.7759769859312455,0.7759769859312455,0.1445413481039462,-0.1346358732796395,0.2791772213835857,0.2791772213835858
0,LeftNet-DF AD,Automatic differentiation,1.29758904053234,1.2988299688650229,-0.0012409283326828557,0.0012409283326828,-0.1484465039871316,-0.1346358732796395,-0.01381063070749211,0.0138106307074921
0,EquiformerV2 AD,Automatic differentiation,1.1078021025307894,1.2988299688650229,-0.19102786633423352,0.1910278663342335,0.0475056451267523,-0.1346358732796395,0.1821415184063918,0.1821415184063919
0,HIP,Direct prediction,1.298983196837735,1.2988299688650229,0.00015322797271211108,0.0001532279727121,-0.1339092745790522,-0.1346358732796395,0.0007265987005873054,0.0007265987005873
1,DFT,DFT,1.2988350620108395,1.2988350620108395,0.0,0.0,-0.3086587867764824,-0.3086587867764824,0.0,0.0
1,AlphaNet AD,Automatic differentiation,1.276451673784456,1.2988350620108395,-0.022383388226383527,0.0223833882263835,-0.3295408892576915,-0.3086587867764824,-0.020882102481209086,0.0208821024812091
1,LeftNet-CF AD,Automatic differentiation,0.5230382870139209,1.2988350620108395,-0.7757967749969187,0.7757967749969187,-0.0765310317665889,-0.3086587867764824,0.2321277550098935,0.2321277550098934
1,LeftNet-DF AD,Automatic differentiation,1.29761126041757,1.2988350620108395,-0.0012238015932695134,0.0012238015932695,-0.4070168508440361,-0.3086587867764824,-0.09835806406755371,0.0983580640675537
1,EquiformerV2 AD,Automatic differentiation,1.1079710250950483,1.2988350620108395,-0.19086403691579124,0.1908640369157912,-0.144143510438426,-0.3086587867764824,0.1645152763380564,0.1645152763380564
1,HIP,Direct prediction,1.2989904450596468,1.2988350620108395,0.00015538304880724496,0.0001553830488072,-0.3120930427567831,-0.3086587867764824,-0.0034342559803007267,0.0034342559803007
2,DFT,DFT,1.2988350122758014,1.2988350122758014,0.0,0.0,-0.1195792335545675,-0.1195792335545675,0.0,0.0
2,AlphaNet AD,Automatic differentiation,1.2764516162604764,1.2988350122758014,-0.02238339601532502,0.022383396015325,-0.2215435881684955,-0.1195792335545675,-0.10196435461392801,0.1019643546139279
2,LeftNet-CF AD,Automatic differentiation,0.5232247101610644,1.2988350122758014,-0.775610302114737,0.775610302114737,0.0695385010499175,-0.1195792335545675,0.189117734604485,0.1891177346044851
2,LeftNet-DF AD,Automatic differentiation,1.2976117605154769,1.2988350122758014,-0.0012232517603245618,0.0012232517603247,-0.1468721374367783,-0.1195792335545675,-0.027292903882210798,0.0272929038822107
2,EquiformerV2 AD,Automatic differentiation,1.1080369635725027,1.2988350122758014,-0.19079804870329875,0.1907980487032987,-0.0782172470412472,-0.1195792335545675,0.04136198651332029,0.0413619865133203
2,HIP,Direct prediction,1.2989971618598777,1.2988350122758014,0.00016214958407623214,0.000162149584076,-0.1225077593517311,-0.1195792335545675,-0.0029285257971636003,0.0029285257971635
3,DFT,DFT,1.2850065149564278,1.2850065149564278,0.0,0.0,-0.2275980157676669,-0.2275980157676669,0.0,0.0
3,AlphaNet AD,Automatic differentiation,1.2408522195823914,1.2850065149564278,-0.04415429537403637,0.0441542953740363,-0.2156283660049345,-0.2275980157676669,0.011969649762732376,0.0119696497627324
3,LeftNet-CF AD,Automatic differentiation,0.6651743906295697,1.2850065149564278,-0.6198321243268581,0.6198321243268581,-0.3614564706933236,-0.2275980157676669,-0.1338584549256567,0.1338584549256566
3,LeftNet-DF AD,Automatic differentiation,1.2795805913453502,1.2850065149564278,-0.005425923611077632,0.0054259236110776,-0.308732263734415,-0.2275980157676669,-0.08113424796674809,0.081134247966748
3,EquiformerV2 AD,Automatic differentiation,1.0908788044751998,1.2850065149564278,-0.194127710481228,0.194127710481228,-0.1553013672800138,-0.2275980157676669,0.07229664848765308,0.072296648487653
3,HIP,Direct prediction,1.2854864770658885,1.2850065149564278,0.0004799621094606632,0.0004799621094604,-0.2306813851173231,-0.2275980157676669,-0.003083369349656223,0.0030833693496561
4,DFT,DFT,1.2850061843375538,1.2850061843375538,0.0,0.0,-0.1097441454621459,-0.1097441454621459,0.0,0.0
4,AlphaNet AD,Automatic differentiation,1.240852022846579,1.2850061843375538,-0.04415416149097484,0.0441541614909748,-0.1030670474074428,-0.1097441454621459,0.0066770980547031095,0.006677098054703
4,LeftNet-CF AD,Automatic differentiation,0.665194411597047,1.2850061843375538,-0.6198117727405068,0.6198117727405068,-0.0263696785379115,-0.1097441454621459,0.0833744669242344,0.0833744669242344
4,LeftNet-DF AD,Automatic differentiation,1.2795407623372734,1.2850061843375538,-0.005465422000280329,0.0054654220002803,-0.111762563819473,-0.1097441454621459,-0.0020184183573270925,0.002018418357327
4,EquiformerV2 AD,Automatic differentiation,1.0906433464056506,1.2850061843375538,-0.19436283793190312,0.1943628379319031,0.0818508374851962,-0.1097441454621459,0.19159498294734212,0.1915949829473422
4,HIP,Direct prediction,1.2854958258422244,1.2850061843375538,0.0004896415046706792,0.0004896415046706,-0.10893972679918,-0.1097441454621459,0.0008044186629659056,0.0008044186629658
5,DFT,DFT,1.285006172002562,1.285006172002562,0.0,0.0,-0.1225368322793463,-0.1225368322793463,0.0,0.0
5,AlphaNet AD,Automatic differentiation,1.2408519488401324,1.285006172002562,-0.04415422316242967,0.0441542231624296,-0.1064622839580478,-0.1225368322793463,0.016074548321298496,0.0160745483212985
5,LeftNet-CF AD,Automatic differentiation,0.6651931968432467,1.285006172002562,-0.6198129751593153,0.6198129751593153,-0.2010293067267524,-0.1225368322793463,-0.0784924744474061,0.0784924744474061
5,LeftNet-DF AD,Automatic differentiation,1.2795369166442967,1.285006172002562,-0.005469255358265368,0.0054692553582653,-0.1426284575311407,-0.1225368322793463,-0.020091625251794407,0.0200916252517944
5,EquiformerV2 AD,Automatic differentiation,1.0908332696238143,1.285006172002562,-0.19417290237874774,0.1941729023787475,0.0320354270125136,-0.1225368322793463,0.1545722592918599,0.1545722592918599
5,HIP,Direct prediction,1.285490385182024,1.285006172002562,0.0004842131794620119,0.0004842131794617,-0.1218570396202081,-0.1225368322793463,0.0006797926591382009,0.0006797926591381
6,DFT,DFT,1.3042512774151076,1.3042512774151076,0.0,0.0,-0.1074861985963808,-0.1074861985963808,0.0,0.0
6,AlphaNet AD,Automatic differentiation,1.2977120678789704,1.3042512774151076,-0.0065392095361371805,0.0065392095361371,-0.1274498109984938,-0.1074861985963808,-0.019963612402113015,0.0199636124021129
6,LeftNet-CF AD,Automatic differentiation,0.5941988463932529,1.3042512774151076,-0.7100524310218547,0.7100524310218547,0.1432201111317544,-0.1074861985963808,0.2507063097281352,0.2507063097281353
6,LeftNet-DF AD,Automatic differentiation,1.3003947737420998,1.3042512774151076,-0.0038565036730078273,0.0038565036730078,-0.1150751303645161,-0.1074861985963808,-0.007588931768135299,0.0075889317681352
6,EquiformerV2 AD,Automatic differentiation,1.1058016221988416,1.3042512774151076,-0.198449655216266,0.198449655216266,0.0235827690581191,-0.1074861985963808,0.1310689676544999,0.1310689676545
6,HIP,Direct prediction,1.3044483190534886,1.3042512774151076,0.0001970416383809681,0.0001970416383809,-0.1067871540126867,-0.1074861985963808,0.0006990445836941028,0.0006990445836941
7,DFT,DFT,1.3042512904716348,1.3042512904716348,0.0,0.0,-0.1381432240108093,-0.1381432240108093,0.0,0.0
7,AlphaNet AD,Automatic differentiation,1.2977120161818274,1.3042512904716348,-0.006539274289807384,0.0065392742898073,-0.1877083716888667,-0.1381432240108093,-0.04956514767805739,0.0495651476780574
7,LeftNet-CF AD,Automatic differentiation,0.5941887898888747,1.3042512904716348,-0.7100625005827601,0.7100625005827601,0.0300203584003768,-0.1381432240108093,0.16816358241118612,0.1681635824111862
7,LeftNet-DF AD,Automatic differentiation,1.300404911090151,1.3042512904716348,-0.0038463793814838,0.0038463793814838,-0.1479887480634192,-0.1381432240108093,-0.009845524052609883,0.0098455240526098
7,EquiformerV2 AD,Automatic differentiation,1.1056905771459344,1.3042512904716348,-0.19856071332570036,0.1985607133257003,0.057329695901541,-0.1381432240108093,0.1954729199123503,0.1954729199123503
7,HIP,Direct prediction,1.3044446934070244,1.3042512904716348,0.0001934029353896083,0.0001934029353896,-0.137289008120077,-0.1381432240108093,0.0008542158907323127,0.0008542158907322
8,DFT,DFT,1.3042512904182435,1.3042512904182435,0.0,0.0,-0.1287924321327611,-0.1287924321327611,0.0,0.0
8,AlphaNet AD,Automatic differentiation,1.2977120240043063,1.3042512904182435,-0.006539266413937206,0.0065392664139374,-0.1578805222668617,-0.1287924321327611,-0.029088090134100603,0.0290880901341006
8,LeftNet-CF AD,Automatic differentiation,0.5941900059164985,1.3042512904182435,-0.710061284501745,0.7100612845017452,0.045433697819647,-0.1287924321327611,0.1742261299524081,0.1742261299524081
8,LeftNet-DF AD,Automatic differentiation,1.3004043209616605,1.3042512904182435,-0.003846969456583027,0.0038469694565834,-0.1327728184364354,-0.1287924321327611,-0.00398038630367431,0.0039803863036742
8,EquiformerV2 AD,Automatic differentiation,1.1058934121132953,1.3042512904182435,-0.19835787830494822,0.1983578783049484,0.0675106454030294,-0.1287924321327611,0.1963030775357905,0.1963030775357905
8,HIP,Direct prediction,1.304443151264829,1.3042512904182435,0.00019186084658540103,0.0001918608465851,-0.1280985070829227,-0.1287924321327611,0.0006939250498383953,0.0006939250498383
9,DFT,DFT,1.3042512625552365,1.3042512625552365,0.0,0.0,-0.0981424302080213,-0.0981424302080213,0.0,0.0
9,AlphaNet AD,Automatic differentiation,1.2977120543069731,1.3042512625552365,-0.006539208248263373,0.0065392082482633,-0.1518013669140629,-0.0981424302080213,-0.053658936706041604,0.0536589367060416
9,LeftNet-CF AD,Automatic differentiation,0.5941920491909364,1.3042512625552365,-0.7100592133643001,0.7100592133643001,-0.2235913453181449,-0.0981424302080213,-0.1254489151101236,0.1254489151101235
9,LeftNet-DF AD,Automatic differentiation,1.30040331035658,1.3042512625552365,-0.0038479521986565235,0.0038479521986565,-0.1175008670988908,-0.0981424302080213,-0.019358436890869496,0.0193584368908694
9,EquiformerV2 AD,Automatic differentiation,1.105795422242365,1.3042512625552365,-0.19845584031287156,0.1984558403128715,-0.0360509363616388,-0.0981424302080213,0.062091493846382496,0.0620914938463825
9,HIP,Direct prediction,1.3044582175891155,1.3042512625552365,0.00020695503387901937,0.000206955033879,-0.0974644261531187,-0.0981424302080213,0.0006780040549025923,0.0006780040549026
10,DFT,DFT,1.30425126255839,1.30425126255839,0.0,0.0,-0.2291409912674586,-0.2291409912674586,0.0,0.0
10,AlphaNet AD,Automatic differentiation,1.2977120191171698,1.30425126255839,-0.006539243441220144,0.0065392434412201,-0.2522367569374839,-0.2291409912674586,-0.023095765670025276,0.0230957656700252
10,LeftNet-CF AD,Automatic differentiation,0.594186459718391,1.30425126255839,-0.710064802839999,0.710064802839999,-0.4141484946523094,-0.2291409912674586,-0.1850075033848508,0.1850075033848507
10,LeftNet-DF AD,Automatic differentiation,1.3004048406668622,1.30425126255839,-0.0038464218915277293,0.0038464218915277,-0.2540993673949074,-0.2291409912674586,-0.024958376127448806,0.0249583761274487
10,EquiformerV2 AD,Automatic differentiation,1.10577990588094,1.30425126255839,-0.19847135667744986,0.19847135667745,-0.1897174196663512,-0.2291409912674586,0.039423571601107404,0.0394235716011074
10,HIP,Direct prediction,1.304457194598122,1.30425126255839,0.00020593203973207075,0.000205932039732,-0.2325133667856563,-0.2291409912674586,-0.00337237551819769,0.0033723755181976
11,DFT,DFT,1.304251262583482,1.304251262583482,0.0,0.0,-0.0235759411313751,-0.0235759411313751,0.0,0.0
11,AlphaNet AD,Automatic differentiation,1.2977120171440852,1.304251262583482,-0.006539245439396657,0.0065392454393966,-0.0564413680749027,-0.0235759411313751,-0.0328654269435276,0.0328654269435275
11,LeftNet-CF AD,Automatic differentiation,0.594187420085173,1.304251262583482,-0.7100638424983089,0.7100638424983089,0.3424488158634513,-0.0235759411313751,0.3660247569948264,0.3660247569948265
11,LeftNet-DF AD,Automatic differentiation,1.3004036651075392,1.304251262583482,-0.0038475974759426546,0.0038475974759426,-0.0271838033570199,-0.0235759411313751,-0.003607862225644798,0.0036078622256447
11,EquiformerV2 AD,Automatic differentiation,1.1059240742291752,1.304251262583482,-0.19832718835430674,0.1983271883543067,-0.0007902470646901,-0.0235759411313751,0.022785694066685,0.022785694066685
11,HIP,Direct prediction,1.3044401862903905,1.304251262583482,0.00018892370690859472,0.0001889237069085,-0.0228316828462414,-0.0235759411313751,0.0007442582851337025,0.0007442582851337
12,DFT,DFT,1.3042512625835878,1.3042512625835878,0.0,0.0,-0.2114737685518344,-0.2114737685518344,0.0,0.0
12,AlphaNet AD,Automatic differentiation,1.2977120259308612,1.3042512625835878,-0.006539236652726599,0.0065392366527265,-0.2109171003035734,-0.2114737685518344,0.0005566682482609775,0.0005566682482609
12,LeftNet-CF AD,Automatic differentiation,0.5941886556370068,1.3042512625835878,-0.710062606946581,0.710062606946581,-0.2211716846438744,-0.2114737685518344,-0.009697916092040015,0.00969791609204
12,LeftNet-DF AD,Automatic differentiation,1.300403679565619,1.3042512625835878,-0.0038475830179687254,0.0038475830179687,-0.2217172733165586,-0.2114737685518344,-0.010243504764724215,0.0102435047647242
12,EquiformerV2 AD,Automatic differentiation,1.1056288074957403,1.3042512625835878,-0.19862245508784748,0.1986224550878474,-0.1403918291791019,-0.2114737685518344,0.0710819393727325,0.0710819393727324
12,HIP,Direct prediction,1.3044446522467248,1.3042512625835878,0.00019338966313697803,0.0001933896631369,-0.2144286106832417,-0.2114737685518344,-0.0029548421314073148,0.0029548421314072
13,DFT,DFT,1.1984977695830326,1.1984977695830326,0.0,0.0,-0.0098332949787467,-0.0098332949787467,0.0,0.0
13,AlphaNet AD,Automatic differentiation,1.1321969787955777,1.1984977695830326,-0.06630079078745488,0.0663007907874548,-0.0704639287889106,-0.0098332949787467,-0.0606306338101639,0.0606306338101638
13,LeftNet-CF AD,Automatic differentiation,0.3354926782810531,1.1984977695830326,-0.8630050913019794,0.8630050913019794,0.4066630356850205,-0.0098332949787467,0.4164963306637672,0.4164963306637673
13,LeftNet-DF AD,Automatic differentiation,1.194916467421094,1.1984977695830326,-0.0035813021619386376,0.0035813021619384,-0.0640809524220378,-0.0098332949787467,-0.0542476574432911,0.054247657443291
13,EquiformerV2 AD,Automatic differentiation,1.0503576897835962,1.1984977695830326,-0.14814007979943633,0.1481400797994363,0.0906434486862746,-0.0098332949787467,0.1004767436650213,0.1004767436650213
13,HIP,Direct prediction,1.1987362314174657,1.1984977695830326,0.00023846183443310132,0.0002384618344331,-0.0127986879785183,-0.0098332949787467,-0.0029653929997716013,0.0029653929997716
14,DFT,DFT,2.5541021086599054,2.5541021086599054,0.0,0.0,-0.0067823379006841,-0.0067823379006841,0.0,0.0
14,AlphaNet AD,Automatic differentiation,2.4934980871720605,2.5541021086599054,-0.06060402148784494,0.0606040214878449,0.0208814898086084,-0.0067823379006841,0.027663827709292498,0.0276638277092926
14,LeftNet-CF AD,Automatic differentiation,1.0076214855930694,2.5541021086599054,-1.546480623066836,1.546480623066836,0.2944137317513007,-0.0067823379006841,0.3011960696519848,0.3011960696519848
14,LeftNet-DF AD,Automatic differentiation,2.5502545900002205,2.5541021086599054,-0.003847518659684912,0.0038475186596849,-0.0146342025523638,-0.0067823379006841,-0.0078518646516797,0.0078518646516796
14,EquiformerV2 AD,Automatic differentiation,2.543297684767243,2.5541021086599054,-0.010804423892662562,0.0108044238926625,-0.019050476644713,-0.0067823379006841,-0.012268138744028899,0.0122681387440288
14,HIP,Direct prediction,2.5547253675960686,2.5541021086599054,0.0006232589361632179,0.0006232589361632,-0.0059723170384484,-0.0067823379006841,0.0008100208622356993,0.0008100208622357
15,DFT,DFT,2.5541037509439635,2.5541037509439635,0.0,0.0,-0.0067863671710099,-0.0067863671710099,0.0,0.0
15,AlphaNet AD,Automatic differentiation,2.493498662167554,2.5541037509439635,-0.06060508877640958,0.0606050887764095,-0.004914435004931,-0.0067863671710099,0.0018719321660789004,0.0018719321660789
15,LeftNet-CF AD,Automatic differentiation,1.0074603158729605,2.5541037509439635,-1.546643435071003,1.546643435071003,-0.0061755322964471,-0.0067863671710099,0.0006108348745628009,0.0006108348745628
15,LeftNet-DF AD,Automatic differentiation,2.550436585311053,2.5541037509439635,-0.003667165632910585,0.0036671656329105,-0.025439480731169,-0.0067863671710099,-0.0186531135601591,0.018653113560159
15,EquiformerV2 AD,Automatic differentiation,2.5432676660152937,2.5541037509439635,-0.01083608492866972,0.0108360849286697,-0.0434611429228493,-0.0067863671710099,-0.036674775751839396,0.0366747757518393
15,HIP,Direct prediction,2.5547162025711776,2.5541037509439635,0.0006124516272141278,0.0006124516272141,-0.0060290347907847,-0.0067863671710099,0.0007573323802252006,0.0007573323802252
16,DFT,DFT,2.66990585356067,2.66990585356067,0.0,0.0,-0.0042599576517923,-0.0042599576517923,0.0,0.0
16,AlphaNet AD,Automatic differentiation,2.607590346987579,2.66990585356067,-0.06231550657309093,0.0623155065730909,-0.0762737046042838,-0.0042599576517923,-0.0720137469524915,0.0720137469524915
16,LeftNet-CF AD,Automatic differentiation,1.4561573986166083,2.66990585356067,-1.2137484549440618,1.2137484549440616,-0.0039705298862051,-0.0042599576517923,0.0002894277655871996,0.0002894277655871
16,LeftNet-DF AD,Automatic differentiation,2.6579877714343696,2.66990585356067,-0.011918082126300522,0.0119180821263005,-0.0312728652431926,-0.0042599576517923,-0.027012907591400303,0.0270129075914002
16,EquiformerV2 AD,Automatic differentiation,2.5518747158962745,2.66990585356067,-0.11803113766439566,0.1180311376643956,-0.0024739539921467,-0.0042599576517923,0.0017860036596455998,0.0017860036596455
16,HIP,Direct prediction,2.670001817644905,2.66990585356067,9.59640842350673e-05,9.59640842350673e-05,-0.0035656089439585,-0.0042599576517923,0.0006943487078337998,0.0006943487078338
17,DFT,DFT,2.669905984003515,2.669905984003515,0.0,0.0,0.0140435141314192,0.0140435141314192,0.0,0.0
17,AlphaNet AD,Automatic differentiation,2.6075888262882776,2.669905984003515,-0.06231715771523749,0.0623171577152374,-0.1120450755696937,0.0140435141314192,-0.1260885897011129,0.126088589701113
17,LeftNet-CF AD,Automatic differentiation,1.456648254652506,2.669905984003515,-1.2132577293510092,1.213257729351009,-0.2202018184100471,0.0140435141314192,-0.2342453325414663,0.2342453325414664
17,LeftNet-DF AD,Automatic differentiation,2.6581904015054576,2.669905984003515,-0.011715582498057486,0.0117155824980574,0.0068012234543224,0.0140435141314192,-0.0072422906770968,0.0072422906770968
17,EquiformerV2 AD,Automatic differentiation,2.5511367081723813,2.669905984003515,-0.11876927583113384,0.1187692758311338,0.0580657231934997,0.0140435141314192,0.0440222090620805,0.0440222090620805
17,HIP,Direct prediction,2.670020128595217,2.669905984003515,0.00011414459170211444,0.0001141445917021,0.0148711731008836,0.0140435141314192,0.0008276589694643996,0.0008276589694643
18,DFT,DFT,2.6699059848171056,2.6699059848171056,0.0,0.0,-0.0899320576975086,-0.0899320576975086,0.0,0.0
18,AlphaNet AD,Automatic differentiation,2.607588855125042,2.6699059848171056,-0.06231712969206349,0.0623171296920634,-0.0724394680869795,-0.0899320576975086,0.017492589610529102,0.0174925896105291
18,LeftNet-CF AD,Automatic differentiation,1.4558323363262786,2.6699059848171056,-1.214073648490827,1.214073648490827,-0.3248246979322067,-0.0899320576975086,-0.23489264023469808,0.234892640234698
18,LeftNet-DF AD,Automatic differentiation,2.657805489046322,2.6699059848171056,-0.012100495770783759,0.0121004957707837,-0.0963204708564036,-0.0899320576975086,-0.006388413158895004,0.0063884131588949
18,EquiformerV2 AD,Automatic differentiation,2.5515546754767926,2.6699059848171056,-0.11835130934031302,0.118351309340313,-0.0253309402843862,-0.0899320576975086,0.06460111741312241,0.0646011174131224
18,HIP,Direct prediction,2.670026194921299,2.6699059848171056,0.00012021010419349665,0.0001202101041934,-0.0928454915921949,-0.0899320576975086,-0.002913433894686304,0.0029134338946862
19,DFT,DFT,2.66990600919797,2.66990600919797,0.0,0.0,-0.1045567456446097,-0.1045567456446097,0.0,0.0
19,AlphaNet AD,Automatic differentiation,2.607588923959662,2.66990600919797,-0.062317085238308145,0.0623170852383081,-0.0872213360448315,-0.1045567456446097,0.01733540959977821,0.0173354095997781
19,LeftNet-CF AD,Automatic differentiation,1.4556709768688332,2.66990600919797,-1.2142350323291369,1.2142350323291369,-0.7501332934469036,-0.1045567456446097,-0.6455765478022939,0.6455765478022939
19,LeftNet-DF AD,Automatic differentiation,2.657794400721948,2.66990600919797,-0.012111608476021996,0.0121116084760219,-0.1090243595428219,-0.1045567456446097,-0.004467613898212194,0.0044676138982122
19,EquiformerV2 AD,Automatic differentiation,2.5518180029187816,2.66990600919797,-0.11808800627918847,0.1180880062791884,-0.0680895739114784,-0.1045567456446097,0.03646717173313131,0.0364671717331313
19,HIP,Direct prediction,2.6700185965611234,2.66990600919797,0.00011258736315333806,0.0001125873631533,-0.1073306953719903,-0.1045567456446097,-0.002773949727380598,0.0027739497273806
20,DFT,DFT,2.6699060098231397,2.6699060098231397,0.0,0.0,-0.0251295322628473,-0.0251295322628473,0.0,0.0
20,AlphaNet AD,Automatic differentiation,2.607588865318992,2.6699060098231397,-0.06231714450414794,0.0623171445041474,-0.087687966320229,-0.0251295322628473,-0.0625584340573817,0.0625584340573817
20,LeftNet-CF AD,Automatic differentiation,1.45568423836259,2.6699060098231397,-1.2142217714605497,1.2142217714605494,-0.0972363807712335,-0.0251295322628473,-0.07210684850838621,0.0721068485083862
20,LeftNet-DF AD,Automatic differentiation,2.657720073511788,2.6699060098231397,-0.012185936311351675,0.0121859363113512,-0.0819578363313482,-0.0251295322628473,-0.05682830406850091,0.0568283040685009
20,EquiformerV2 AD,Automatic differentiation,2.5517605221758712,2.6699060098231397,-0.11814548764726851,0.118145487647268,0.0527523566949579,-0.0251295322628473,0.07788188895780519,0.0778818889578052
20,HIP,Direct prediction,2.670001099944298,2.6699060098231397,9.509012115804794e-05,9.509012115849202e-05,-0.0278539140230879,-0.0251295322628473,-0.002724381760240601,0.0027243817602406
21,DFT,DFT,2.669906008960113,2.669906008960113,0.0,0.0,0.0049346266976266,0.0049346266976266,0.0,0.0
21,AlphaNet AD,Automatic differentiation,2.607588805658174,2.669906008960113,-0.06231720330193902,0.062317203301939,-0.0182700049177988,0.0049346266976266,-0.0232046316154254,0.0232046316154255
21,LeftNet-CF AD,Automatic differentiation,1.455895106878824,2.669906008960113,-1.2140109020812893,1.2140109020812893,-0.3722621389387202,0.0049346266976266,-0.3771967656363468,0.3771967656363468
21,LeftNet-DF AD,Automatic differentiation,2.6576554173674816,2.669906008960113,-0.012250591592631643,0.0122505915926316,-0.0150160403209831,0.0049346266976266,-0.019950667018609702,0.0199506670186098
21,EquiformerV2 AD,Automatic differentiation,2.5517281229751245,2.669906008960113,-0.11817788598498868,0.1181778859849886,0.1075040423090927,0.0049346266976266,0.1025694156114661,0.102569415611466
21,HIP,Direct prediction,2.670012444558209,2.669906008960113,0.00010643559809597747,0.0001064355980959,0.0021577799043039,0.0049346266976266,-0.0027768467933227,0.0027768467933227
22,DFT,DFT,2.669905984876317,2.669905984876317,0.0,0.0,-0.0054051760674669,-0.0054051760674669,0.0,0.0
22,AlphaNet AD,Automatic differentiation,2.607588893514955,2.669905984876317,-0.062317091361361765,0.0623170913613617,-0.0322081045203233,-0.0054051760674669,-0.0268029284528564,0.0268029284528563
22,LeftNet-CF AD,Automatic differentiation,1.4562111556216677,2.669905984876317,-1.2136948292546492,1.2136948292546494,-0.0210311650525083,-0.0054051760674669,-0.0156259889850414,0.0156259889850414
22,LeftNet-DF AD,Automatic differentiation,2.657957619294922,2.669905984876317,-0.011948365581394782,0.0119483655813947,-0.0159678830695129,-0.0054051760674669,-0.010562707002046,0.0105627070020459
22,EquiformerV2 AD,Automatic differentiation,2.5510666892066776,2.669905984876317,-0.11883929566963936,0.1188392956696393,0.0136026621036222,-0.0054051760674669,0.0190078381710891,0.0190078381710891
22,HIP,Direct prediction,2.669999929384164,2.669905984876317,9.394450784716568e-05,9.394450784716568e-05,-0.0045292037408052,-0.0054051760674669,0.0008759723266617003,0.0008759723266616
23,DFT,DFT,2.669905984827781,2.669905984827781,0.0,0.0,-0.0089743831520316,-0.0089743831520316,0.0,0.0
23,AlphaNet AD,Automatic differentiation,2.607588881131099,2.669905984827781,-0.062317103696682086,0.062317103696682,-0.0225336156944573,-0.0089743831520316,-0.0135592325424257,0.0135592325424256
23,LeftNet-CF AD,Automatic differentiation,1.456114541889495,2.669905984827781,-1.2137914429382861,1.213791442938286,0.2627318279049964,-0.0089743831520316,0.27170621105702797,0.2717062110570281
23,LeftNet-DF AD,Automatic differentiation,2.657804930329488,2.669905984827781,-0.012101054498292907,0.0121010544982933,-0.0191549823025267,-0.0089743831520316,-0.0101805991504951,0.010180599150495
23,EquiformerV2 AD,Automatic differentiation,2.5508602431822416,2.669905984827781,-0.1190457416455395,0.1190457416455395,-0.0244169832024625,-0.0089743831520316,-0.015442600050430902,0.0154426000504308
23,HIP,Direct prediction,2.669994007451641,2.669905984827781,8.80226238599846e-05,8.80226238599846e-05,-0.0080913566518326,-0.0089743831520316,0.0008830265001990006,0.000883026500199
24,DFT,DFT,2.669906009204224,2.669906009204224,0.0,0.0,0.020362121649927,0.020362121649927,0.0,0.0
24,AlphaNet AD,Automatic differentiation,2.607588857457805,2.669906009204224,-0.062317151746419164,0.0623171517464187,0.0441918096334994,0.020362121649927,0.023829687983572396,0.0238296879835724
24,LeftNet-CF AD,Automatic differentiation,1.4562392074464705,2.669906009204224,-1.2136668017577537,1.2136668017577537,-0.4188334458468574,0.020362121649927,-0.4391955674967844,0.4391955674967844
24,LeftNet-DF AD,Automatic differentiation,2.6579464384137674,2.669906009204224,-0.01195957079045673,0.0119595707904567,0.005468611106941,0.020362121649927,-0.014893510542986002,0.0148935105429859
24,EquiformerV2 AD,Automatic differentiation,2.55156214417142,2.669906009204224,-0.11834386503280436,0.1183438650328043,0.1231898227861738,0.020362121649927,0.1028277011362468,0.1028277011362468
24,HIP,Direct prediction,2.670001065543917,2.669906009204224,9.50563396928672e-05,9.50563396928672e-05,0.0212278332560408,0.020362121649927,0.0008657116061137997,0.0008657116061138
25,DFT,DFT,2.6641793796086866,2.6641793796086866,0.0,0.0,0.0091645033528937,0.0091645033528937,0.0,0.0
25,AlphaNet AD,Automatic differentiation,2.564717342850313,2.6641793796086866,-0.09946203675837362,0.0994620367583736,-0.0134351628952473,0.0091645033528937,-0.022599666248140998,0.0225996662481411
25,LeftNet-CF AD,Automatic differentiation,1.1719238296201064,2.6641793796086866,-1.4922555499885801,1.49225554998858,0.6075247856349626,0.0091645033528937,0.598360282282069,0.5983602822820688
25,LeftNet-DF AD,Automatic differentiation,2.6531032970231583,2.6641793796086866,-0.01107608258552828,0.0110760825855282,-0.0322081945689114,0.0091645033528937,-0.0413726979218051,0.0413726979218052
25,EquiformerV2 AD,Automatic differentiation,2.6001735802148893,2.6641793796086866,-0.06400579939379725,0.0640057993937972,0.0004832328368786,0.0091645033528937,-0.0086812705160151,0.008681270516015
25,HIP,Direct prediction,2.665206502831645,2.6641793796086866,0.0010271232229586147,0.0010271232229586,0.0062604267559684,0.0091645033528937,-0.0029040765969252993,0.0029040765969253
26,DFT,DFT,2.6641834227092107,2.6641834227092107,0.0,0.0,0.0188930568539698,0.0188930568539698,0.0,0.0
26,AlphaNet AD,Automatic differentiation,2.564719039519716,2.6641834227092107,-0.09946438318949458,0.099464383189495,-0.0639282472603901,0.0188930568539698,-0.08282130411435991,0.0828213041143599
26,LeftNet-CF AD,Automatic differentiation,1.1718918588481364,2.6641834227092107,-1.4922915638610743,1.4922915638610743,0.0637127736725489,0.0188930568539698,0.0448197168185791,0.0448197168185791
26,LeftNet-DF AD,Automatic differentiation,2.652964941911743,2.6641834227092107,-0.011218480797467567,0.0112184807974675,0.0105794944436059,0.0188930568539698,-0.0083135624103639,0.0083135624103638
26,EquiformerV2 AD,Automatic differentiation,2.599058722886649,2.6641834227092107,-0.06512469982256164,0.0651246998225616,0.0109776103549945,0.0188930568539698,-0.0079154464989753,0.0079154464989752
26,HIP,Direct prediction,2.6652636146300632,2.6641834227092107,0.0010801919208525135,0.0010801919208525,0.0196220309732079,0.0188930568539698,0.0007289741192380988,0.0007289741192381
27,DFT,DFT,2.664183411409478,2.664183411409478,0.0,0.0,-0.2062739269400895,-0.2062739269400895,0.0,0.0
27,AlphaNet AD,Automatic differentiation,2.564719190057916,2.664183411409478,-0.09946422135156219,0.0994642213515626,-0.183748418304845,-0.2062739269400895,0.022525508635244496,0.0225255086352444
27,LeftNet-CF AD,Automatic differentiation,1.1726259778219357,2.664183411409478,-1.4915574335875423,1.4915574335875423,-0.1078002923442025,-0.2062739269400895,0.098473634595887,0.0984736345958869
27,LeftNet-DF AD,Automatic differentiation,2.6532756568406866,2.664183411409478,-0.01090775456879145,0.0109077545687914,-0.2093987254606828,-0.2062739269400895,-0.0031247985205933027,0.0031247985205933
27,EquiformerV2 AD,Automatic differentiation,2.5995255493545266,2.664183411409478,-0.06465786205495139,0.0646578620549513,-0.1827576961588914,-0.2062739269400895,0.023516230781198105,0.023516230781198
27,HIP,Direct prediction,2.665224905924417,2.664183411409478,0.0010414945149390675,0.0010414945149395,-0.2055840358100117,-0.2062739269400895,0.0006898911300778077,0.0006898911300777
28,DFT,DFT,2.6641834259315527,2.6641834259315527,0.0,0.0,-0.1004934735304967,-0.1004934735304967,0.0,0.0
28,AlphaNet AD,Automatic differentiation,2.564719062373321,2.6641834259315527,-0.09946436355823174,0.0994643635582317,-0.0602088631846329,-0.1004934735304967,0.0402846103458638,0.0402846103458638
28,LeftNet-CF AD,Automatic differentiation,1.1730652411133449,2.6641834259315527,-1.4911181848182078,1.4911181848182078,0.0085230327357044,-0.1004934735304967,0.1090165062662011,0.1090165062662011
28,LeftNet-DF AD,Automatic differentiation,2.652630785723697,2.6641834259315527,-0.011552640207855625,0.0115526402078556,-0.1541041762306658,-0.1004934735304967,-0.0536107027001691,0.0536107027001691
28,EquiformerV2 AD,Automatic differentiation,2.599279897200537,2.6641834259315527,-0.06490352873101557,0.0649035287310155,-0.1414746072483721,-0.1004934735304967,-0.0409811337178754,0.0409811337178753
28,HIP,Direct prediction,2.6652410984845747,2.6641834259315527,0.0010576725530220266,0.001057672553022,-0.1032661100026936,-0.1004934735304967,-0.0027726364721969016,0.0027726364721968
29,DFT,DFT,2.7295722566257847,2.7295722566257847,0.0,0.0,0.0027536448362939,0.0027536448362939,0.0,0.0
29,AlphaNet AD,Automatic differentiation,2.6624054107332173,2.7295722566257847,-0.06716684589256738,0.0671668458925673,0.0535033727336404,0.0027536448362939,0.0507497278973465,0.0507497278973465
29,LeftNet-CF AD,Automatic differentiation,1.1942593479715728,2.7295722566257847,-1.5353129086542119,1.535312908654212,-0.1290877582597569,0.0027536448362939,-0.1318414030960508,0.1318414030960508
29,LeftNet-DF AD,Automatic differentiation,2.720334015875776,2.7295722566257847,-0.009238240750008675,0.0092382407500086,-0.0087298016757442,0.0027536448362939,-0.0114834465120381,0.0114834465120381
29,EquiformerV2 AD,Automatic differentiation,2.726200930786945,2.7295722566257847,-0.0033713258388399225,0.0033713258388399,-0.0012880214703181,0.0027536448362939,-0.004041666306612,0.004041666306612
29,HIP,Direct prediction,2.730087726329378,2.7295722566257847,0.0005154697035933964,0.0005154697035933,0.0035557238567735,0.0027536448362939,0.0008020790204796,0.0008020790204796
30,DFT,DFT,2.729564484332635,2.729564484332635,0.0,0.0,-0.0402503172305142,-0.0402503172305142,0.0,0.0
30,AlphaNet AD,Automatic differentiation,2.6624056414083035,2.729564484332635,-0.06715884292433172,0.0671588429243317,0.0312760072799145,-0.0402503172305142,0.0715263245104287,0.0715263245104287
30,LeftNet-CF AD,Automatic differentiation,1.193886972102031,2.729564484332635,-1.5356775122306041,1.535677512230604,-0.0664216409603672,-0.0402503172305142,-0.026171323729853008,0.026171323729853
30,LeftNet-DF AD,Automatic differentiation,2.7195991152607037,2.729564484332635,-0.009965369071931462,0.0099653690719319,-0.045292837881699,-0.0402503172305142,-0.005042520651184802,0.0050425206511848
30,EquiformerV2 AD,Automatic differentiation,2.7257601560597338,2.729564484332635,-0.003804328272901447,0.0038043282729014,-0.0497474659696317,-0.0402503172305142,-0.0094971487391175,0.0094971487391175
30,HIP,Direct prediction,2.730059505705169,2.729564484332635,0.000495021372533877,0.0004950213725343,-0.0393389829401653,-0.0402503172305142,0.0009113342903488975,0.0009113342903488
31,DFT,DFT,2.7295643378579504,2.7295643378579504,0.0,0.0,-0.1117191984707592,-0.1117191984707592,0.0,0.0
31,AlphaNet AD,Automatic differentiation,2.66240633548398,2.7295643378579504,-0.0671580023739704,0.0671580023739704,-0.2341287936391882,-0.1117191984707592,-0.122409595168429,0.1224095951684289
31,LeftNet-CF AD,Automatic differentiation,1.194004376996753,2.7295643378579504,-1.5355599608611974,1.5355599608611974,-0.004676958892456,-0.1117191984707592,0.1070422395783032,0.1070422395783032
31,LeftNet-DF AD,Automatic differentiation,2.7201377286307493,2.7295643378579504,-0.009426609227201066,0.009426609227201,-0.1970690722378685,-0.1117191984707592,-0.08534987376710929,0.0853498737671092
31,EquiformerV2 AD,Automatic differentiation,2.725671794853436,2.7295643378579504,-0.0038925430045142484,0.0038925430045142,-0.1391208400669881,-0.1117191984707592,-0.027401641596228904,0.0274016415962288
31,HIP,Direct prediction,2.730054743777269,2.7295643378579504,0.0004904059193187038,0.0004904059193187,-0.1146246581991497,-0.1117191984707592,-0.0029054597283905,0.0029054597283904
32,DFT,DFT,2.7295643712203344,2.7295643712203344,0.0,0.0,-0.0470520722563221,-0.0470520722563221,0.0,0.0
32,AlphaNet AD,Automatic differentiation,2.6624064895641943,2.7295643712203344,-0.06715788165614,0.06715788165614,-0.1793389472341102,-0.0470520722563221,-0.1322868749777881,0.1322868749777881
32,LeftNet-CF AD,Automatic differentiation,1.1935326212057695,2.7295643712203344,-1.5360317500145648,1.5360317500145648,-0.0116326703351026,-0.0470520722563221,0.03541940192121951,0.0354194019212195
32,LeftNet-DF AD,Automatic differentiation,2.719359074080118,2.7295643712203344,-0.010205297140216452,0.0102052971402164,-0.0636208798459838,-0.0470520722563221,-0.0165688075896617,0.0165688075896617
32,EquiformerV2 AD,Automatic differentiation,2.725908678830936,2.7295643712203344,-0.003655692389398446,0.0036556923893984,-0.0530085152773009,-0.0470520722563221,-0.005956443020978794,0.0059564430209788
32,HIP,Direct prediction,2.730060900475068,2.7295643712203344,0.0004965292547338684,0.0004965292547334,-0.0463691193384871,-0.0470520722563221,0.000682952917835003,0.000682952917835
33,DFT,DFT,2.7295643700814813,2.7295643700814813,0.0,0.0,-0.1401079315813702,-0.1401079315813702,0.0,0.0
33,AlphaNet AD,Automatic differentiation,2.662406556840262,2.7295643700814813,-0.06715781324121917,0.0671578132412191,-0.1872578157159847,-0.1401079315813702,-0.04714988413461452,0.0471498841346145
33,LeftNet-CF AD,Automatic differentiation,1.193642857984658,2.7295643700814813,-1.5359215120968233,1.5359215120968233,0.1159156874597393,-0.1401079315813702,0.2560236190411095,0.2560236190411096
33,LeftNet-DF AD,Automatic differentiation,2.719659850445491,2.7295643700814813,-0.009904519635990372,0.0099045196359903,-0.1621724822531578,-0.1401079315813702,-0.022064550671787614,0.0220645506717875
33,EquiformerV2 AD,Automatic differentiation,2.726109672206473,2.7295643700814813,-0.0034546978750085167,0.0034546978750085,-0.1412196287624061,-0.1401079315813702,-0.0011116971810359033,0.0011116971810358
33,HIP,Direct prediction,2.7300695451406773,2.7295643700814813,0.0005051750591960058,0.000505175059196,-0.1390949716021805,-0.1401079315813702,0.0010129599791896815,0.0010129599791896
34,DFT,DFT,2.729564323528596,2.729564323528596,0.0,0.0,-0.0692567999834796,-0.0692567999834796,0.0,0.0
34,AlphaNet AD,Automatic differentiation,2.6624064942614223,2.729564323528596,-0.06715782926717351,0.067157829267173,-0.3064127165047186,-0.0692567999834796,-0.23715591652123896,0.2371559165212389
34,LeftNet-CF AD,Automatic differentiation,1.1934851767136507,2.729564323528596,-1.536079146814945,1.5360791468149446,-0.0892455171792698,-0.0692567999834796,-0.019988717195790207,0.0199887171957902
34,LeftNet-DF AD,Automatic differentiation,2.719510452048805,2.729564323528596,-0.010053871479790644,0.0100538714797902,-0.1501090527165702,-0.0692567999834796,-0.08085225273309062,0.0808522527330906
34,EquiformerV2 AD,Automatic differentiation,2.7259823072979046,2.729564323528596,-0.0035820162306912096,0.0035820162306907,-0.0702601395615105,-0.0692567999834796,-0.0010033395780309068,0.0010033395780308
34,HIP,Direct prediction,2.7300553717617904,2.729564323528596,0.0004910482331945687,0.000491048233195,-0.0722471078988047,-0.0692567999834796,-0.002990307915325105,0.002990307915325
35,DFT,DFT,2.7295643881367653,2.7295643881367653,0.0,0.0,-0.0427799363577237,-0.0427799363577237,0.0,0.0
35,AlphaNet AD,Automatic differentiation,2.662406494236647,2.7295643881367653,-0.06715789390011828,0.0671578939001182,-0.0927127454128644,-0.0427799363577237,-0.04993280905514069,0.0499328090551407
35,LeftNet-CF AD,Automatic differentiation,1.1935400814032977,2.7295643881367653,-1.5360243067334676,1.5360243067334678,0.3341040651217859,-0.0427799363577237,0.3768840014795096,0.3768840014795096
35,LeftNet-DF AD,Automatic differentiation,2.7195308251651285,2.7295643881367653,-0.010033562971636822,0.0100335629716368,-0.0721922134231767,-0.0427799363577237,-0.02941227706545299,0.029412277065453
35,EquiformerV2 AD,Automatic differentiation,2.726195952331489,2.7295643881367653,-0.0033684358052763486,0.0033684358052763,-0.1028843105969272,-0.0427799363577237,-0.06010437423920349,0.0601043742392035
35,HIP,Direct prediction,2.730064593748478,2.7295643881367653,0.0005002056117127118,0.0005002056117127,-0.0456262976728489,-0.0427799363577237,-0.0028463613151251954,0.0028463613151252
36,DFT,DFT,2.729564323523495,2.729564323523495,0.0,0.0,-0.043852601465669,-0.043852601465669,0.0,0.0
36,AlphaNet AD,Automatic differentiation,2.662406541593982,2.729564323523495,-0.06715778192951305,0.067157781929513,-0.2066785337552126,-0.043852601465669,-0.16282593228954362,0.1628259322895435
36,LeftNet-CF AD,Automatic differentiation,1.1939420968324757,2.729564323523495,-1.5356222266910193,1.535622226691019,-0.1808900340536019,-0.043852601465669,-0.1370374325879329,0.1370374325879328
36,LeftNet-DF AD,Automatic differentiation,2.719546045570291,2.729564323523495,-0.010018277953204091,0.010018277953204,-0.078767474592222,-0.043852601465669,-0.034914873126552996,0.0349148731265529
36,EquiformerV2 AD,Automatic differentiation,2.726237889328294,2.729564323523495,-0.0033264341952010668,0.003326434195201,-0.0509980213510452,-0.043852601465669,-0.007145419885376196,0.0071454198853762
36,HIP,Direct prediction,2.7300538194270816,2.729564323523495,0.0004894959035866009,0.0004894959035866,-0.0431159605952023,-0.043852601465669,0.0007366408704667024,0.0007366408704667
37,DFT,DFT,2.729564388138241,2.729564388138241,0.0,0.0,-0.0667282631959649,-0.0667282631959649,0.0,0.0
37,AlphaNet AD,Automatic differentiation,2.662406585446557,2.729564388138241,-0.06715780269168414,0.0671578026916845,-0.08505772780136,-0.0667282631959649,-0.018329464605395113,0.018329464605395
37,LeftNet-CF AD,Automatic differentiation,1.1934390823739771,2.729564388138241,-1.5361253057642639,1.5361253057642643,0.1627355584867096,-0.0667282631959649,0.22946382168267448,0.2294638216826745
37,LeftNet-DF AD,Automatic differentiation,2.7195073451371616,2.729564388138241,-0.010057043001079347,0.0100570430010797,-0.0711912924527404,-0.0667282631959649,-0.004463029256775511,0.0044630292567755
37,EquiformerV2 AD,Automatic differentiation,2.7256067242823323,2.729564388138241,-0.003957663855908677,0.0039576638559091,-0.1534959281479024,-0.0667282631959649,-0.0867676649519375,0.0867676649519375
37,HIP,Direct prediction,2.730065761735577,2.729564388138241,0.0005013735973360411,0.0005013735973355,-0.069536402597929,-0.0667282631959649,-0.002808139401964102,0.002808139401964
38,DFT,DFT,2.729564373950706,2.729564373950706,0.0,0.0,-0.0543900823507583,-0.0543900823507583,0.0,0.0
38,AlphaNet AD,Automatic differentiation,2.6624065868011755,2.729564373950706,-0.06715778714953036,0.0671577871495303,-0.1654428663773628,-0.0543900823507583,-0.11105278402660451,0.1110527840266044
38,LeftNet-CF AD,Automatic differentiation,1.1940275387546813,2.729564373950706,-1.5355368351960246,1.5355368351960246,0.2734533347542183,-0.0543900823507583,0.3278434171049766,0.3278434171049766
38,LeftNet-DF AD,Automatic differentiation,2.7194485508032784,2.729564373950706,-0.010115823147427427,0.0101158231474274,-0.0644627319703898,-0.0543900823507583,-0.010072649619631509,0.0100726496196315
38,EquiformerV2 AD,Automatic differentiation,2.726247465856764,2.729564373950706,-0.003316908093941695,0.0033169080939416,-0.0482289251230101,-0.0543900823507583,0.006161157227748196,0.0061611572277482
38,HIP,Direct prediction,2.7300679713746616,2.729564373950706,0.0005035974239557817,0.0005035974239557,-0.0571829164913321,-0.0543900823507583,-0.0027928341405738036,0.0027928341405738
39,DFT,DFT,2.698497532682295,2.698497532682295,0.0,0.0,-0.187047401680219,-0.187047401680219,0.0,0.0
39,AlphaNet AD,Automatic differentiation,2.6273515387678588,2.698497532682295,-0.0711459939144361,0.0711459939144361,-0.1516151799465968,-0.187047401680219,0.035432221733622205,0.0354322217336222
39,LeftNet-CF AD,Automatic differentiation,1.4598572912058667,2.698497532682295,-1.2386402414764281,1.238640241476428,-0.4586808480463182,-0.187047401680219,-0.2716334463660992,0.2716334463660992
39,LeftNet-DF AD,Automatic differentiation,2.6919005863052856,2.698497532682295,-0.00659694637700925,0.0065969463770092,-0.2269861281724154,-0.187047401680219,-0.0399387264921964,0.0399387264921964
39,EquiformerV2 AD,Automatic differentiation,2.690331083988378,2.698497532682295,-0.008166448693916806,0.0081664486939168,-0.2300723352909592,-0.187047401680219,-0.043024933610740196,0.0430249336107402
39,HIP,Direct prediction,2.6992329537424182,2.698497532682295,0.0007354210601233646,0.0007354210601233,-0.1863697286813566,-0.187047401680219,0.0006776729988623997,0.0006776729988624
40,DFT,DFT,2.698489416696333,2.698489416696333,0.0,0.0,-0.3373918968710327,-0.3373918968710327,0.0,0.0
40,AlphaNet AD,Automatic differentiation,2.6273511321642538,2.698489416696333,-0.07113828453207915,0.0711382845320791,-0.6538413784693988,-0.3373918968710327,-0.3164494815983661,0.316449481598366
40,LeftNet-CF AD,Automatic differentiation,1.4594382654701026,2.698489416696333,-1.2390511512262303,1.2390511512262303,-0.3281577306317311,-0.3373918968710327,0.009234166239301622,0.0092341662393016
40,LeftNet-DF AD,Automatic differentiation,2.691600040428796,2.698489416696333,-0.006889376267536829,0.0068893762675368,-0.4464047129518196,-0.3373918968710327,-0.10901281608078689,0.1090128160807868
40,EquiformerV2 AD,Automatic differentiation,2.6904121880434384,2.698489416696333,-0.008077228652894508,0.0080772286528945,-0.3380538153008134,-0.3373918968710327,-0.0006619184297806946,0.0006619184297806
40,HIP,Direct prediction,2.6992107700158585,2.698489416696333,0.0007213533195256083,0.0007213533195256,-0.3401697614741507,-0.3373918968710327,-0.0027778646031179632,0.0027778646031179
41,DFT,DFT,2.698489416820724,2.698489416820724,0.0,0.0,-0.0161662104295516,-0.0161662104295516,0.0,0.0
41,AlphaNet AD,Automatic differentiation,2.627351108082092,2.698489416820724,-0.07113830873863192,0.0711383087386319,-0.0740472513596977,-0.0161662104295516,-0.057881040930146094,0.057881040930146
41,LeftNet-CF AD,Automatic differentiation,1.4594092471266968,2.698489416820724,-1.2390801696940272,1.2390801696940268,-0.2542544565200804,-0.0161662104295516,-0.23808824609052878,0.2380882460905287
41,LeftNet-DF AD,Automatic differentiation,2.6913981628054544,2.698489416820724,-0.007091254015269666,0.0070912540152692,-0.0420410472072458,-0.0161662104295516,-0.025874836777694202,0.0258748367776942
41,EquiformerV2 AD,Automatic differentiation,2.6903597614383,2.698489416820724,-0.008129655382424161,0.0081296553824237,-0.0230993656027891,-0.0161662104295516,-0.006933155173237501,0.0069331551732374
41,HIP,Direct prediction,2.699211889236365,2.698489416820724,0.0007224724156409401,0.0007224724156409,-0.0154758423189974,-0.0161662104295516,0.0006903681105541997,0.0006903681105542
42,DFT,DFT,2.698489383259723,2.698489383259723,0.0,0.0,0.0205696040208023,0.0205696040208023,0.0,0.0
42,AlphaNet AD,Automatic differentiation,2.627351003137417,2.698489383259723,-0.071138380122306,0.0711383801223055,-0.0420283427503114,0.0205696040208023,-0.0625979467711137,0.0625979467711137
42,LeftNet-CF AD,Automatic differentiation,1.458862720645673,2.698489383259723,-1.23962666261405,1.23962666261405,-0.0427766620917575,0.0205696040208023,-0.0633462661125598,0.0633462661125598
42,LeftNet-DF AD,Automatic differentiation,2.69191822246454,2.698489383259723,-0.006571160795183051,0.006571160795183,0.0206543651133963,0.0205696040208023,8.476109259400108e-05,8.47610925940323e-05
42,EquiformerV2 AD,Automatic differentiation,2.690381908176798,2.698489383259723,-0.008107475082924864,0.0081074750829248,0.0199738041129315,0.0205696040208023,-0.0005957999078708004,0.0005957999078707
42,HIP,Direct prediction,2.69920727882199,2.698489383259723,0.0007178955622668681,0.0007178955622668,0.0212457909230053,0.0205696040208023,0.000676186902203002,0.0006761869022029
43,DFT,DFT,2.698489416826882,2.698489416826882,0.0,0.0,-0.0391801469692758,-0.0391801469692758,0.0,0.0
43,AlphaNet AD,Automatic differentiation,2.62735105189756,2.698489416826882,-0.0711383649293218,0.0711383649293218,-0.2938886502325815,-0.0391801469692758,-0.2547085032633057,0.2547085032633056
43,LeftNet-CF AD,Automatic differentiation,1.4595010433331723,2.698489416826882,-1.2389883734937095,1.2389883734937095,-0.335795820573016,-0.0391801469692758,-0.2966156736037402,0.2966156736037402
43,LeftNet-DF AD,Automatic differentiation,2.69192239787024,2.698489416826882,-0.006567018956642023,0.0065670189566415,-0.0657211556466488,-0.0391801469692758,-0.026541008677372996,0.0265410086773729
43,EquiformerV2 AD,Automatic differentiation,2.689989080772415,2.698489416826882,-0.00850033605446665,0.0085003360544666,-0.0252748837863832,-0.0391801469692758,0.013905263182892598,0.0139052631828926
43,HIP,Direct prediction,2.6992008341656115,2.698489416826882,0.0007114173387297029,0.0007114173387297,-0.0383478564720567,-0.0391801469692758,0.0008322904972190986,0.000832290497219
44,DFT,DFT,2.698489416825077,2.698489416825077,0.0,0.0,-0.0031273577617727,-0.0031273577617727,0.0,0.0
44,AlphaNet AD,Automatic differentiation,2.6273510702377108,2.698489416825077,-0.07113834658736629,0.0711383465873662,-0.0308342558742356,-0.0031273577617727,-0.027706898112462897,0.0277068981124628
44,LeftNet-CF AD,Automatic differentiation,1.459444443064678,2.698489416825077,-1.239044973760399,1.239044973760399,-0.5650368531872587,-0.0031273577617727,-0.561909495425486,0.561909495425486
44,LeftNet-DF AD,Automatic differentiation,2.691917526441637,2.698489416825077,-0.006571890383439971,0.0065718903834395,-0.032146753474088,-0.0031273577617727,-0.029019395712315297,0.0290193957123152
44,EquiformerV2 AD,Automatic differentiation,2.690661566581673,2.698489416825077,-0.007827850243403933,0.0078278502434034,0.0017060144152716,-0.0031273577617727,0.0048333721770443,0.0048333721770443
44,HIP,Direct prediction,2.6992217067647264,2.698489416825077,0.0007322899396493554,0.0007322899396493,-0.0059719560795025,-0.0031273577617727,-0.0028445983177297998,0.0028445983177297
45,DFT,DFT,2.698489416820704,2.698489416820704,0.0,0.0,-0.0602262174997281,-0.0602262174997281,0.0,0.0
45,AlphaNet AD,Automatic differentiation,2.627350947990807,2.698489416820704,-0.07113846882989705,0.071138468829897,-0.1107342836802289,-0.0602262174997281,-0.050508066180500806,0.0505080661805008
45,LeftNet-CF AD,Automatic differentiation,1.4593641235371464,2.698489416820704,-1.2391252932835577,1.2391252932835577,-0.1900539653184745,-0.0602262174997281,-0.1298277478187464,0.1298277478187464
45,LeftNet-DF AD,Automatic differentiation,2.690965365869571,2.698489416820704,-0.007524050951133177,0.0075240509511331,-0.0975895978146157,-0.0602262174997281,-0.0373633803148876,0.0373633803148876
45,EquiformerV2 AD,Automatic differentiation,2.6905206714109164,2.698489416820704,-0.007968745409787648,0.0079687454097876,-0.0871473778869913,-0.0602262174997281,-0.0269211603872632,0.0269211603872632
45,HIP,Direct prediction,2.6992441946435504,2.698489416820704,0.0007547778228462754,0.0007547778228462,-0.063215889575047,-0.0602262174997281,-0.0029896720753188957,0.0029896720753189
46,DFT,DFT,2.698489383260329,2.698489383260329,0.0,0.0,-0.0066094032566228,-0.0066094032566228,0.0,0.0
46,AlphaNet AD,Automatic differentiation,2.627351092046502,2.698489383260329,-0.0711382912138272,0.0711382912138272,-0.0880576164071658,-0.0066094032566228,-0.081448213150543,0.0814482131505429
46,LeftNet-CF AD,Automatic differentiation,1.45933391563809,2.698489383260329,-1.2391554676222392,1.2391554676222392,-0.0340706905402081,-0.0066094032566228,-0.027461287283585302,0.0274612872835853
46,LeftNet-DF AD,Automatic differentiation,2.691891026809156,2.698489383260329,-0.006598356451173348,0.0065983564511733,-0.0375034896174426,-0.0066094032566228,-0.0308940863608198,0.0308940863608198
46,EquiformerV2 AD,Automatic differentiation,2.6904438631235195,2.698489383260329,-0.008045520136809703,0.0080455201368097,-0.0144016900373435,-0.0066094032566228,-0.0077922867807207,0.0077922867807207
46,HIP,Direct prediction,2.6991899135838757,2.698489383260329,0.0007005303235465554,0.0007005303235461,-0.0059027739687777,-0.0066094032566228,0.0007066292878451005,0.0007066292878451
47,DFT,DFT,2.789056187067766,2.789056187067766,0.0,0.0,0.0052851081856751,0.0052851081856751,0.0,0.0
47,AlphaNet AD,Automatic differentiation,2.754761602131914,2.789056187067766,-0.034294584935852246,0.0342945849358522,0.01545609976971,0.0052851081856751,0.010170991584034901,0.0101709915840349
47,LeftNet-CF AD,Automatic differentiation,1.2787049091520966,2.789056187067766,-1.5103512779156696,1.5103512779156696,0.1762788518554334,0.0052851081856751,0.1709937436697583,0.1709937436697582
47,LeftNet-DF AD,Automatic differentiation,2.779130526109343,2.789056187067766,-0.009925660958423066,0.009925660958423,-0.0245188162399758,0.0052851081856751,-0.0298039244256509,0.0298039244256509
47,EquiformerV2 AD,Automatic differentiation,2.783170127320373,2.789056187067766,-0.005886059747393091,0.005886059747393,0.036485130900158,0.0052851081856751,0.0312000227144829,0.0312000227144829
47,HIP,Direct prediction,2.789058573119492,2.789056187067766,2.3860517259777225e-06,2.3860517259777225e-06,0.0025208903000252,0.0052851081856751,-0.0027642178856498996,0.0027642178856499
48,DFT,DFT,2.7890560271816445,2.7890560271816445,0.0,0.0,-0.1994079711174876,-0.1994079711174876,0.0,0.0
48,AlphaNet AD,Automatic differentiation,2.754760848538373,2.7890560271816445,-0.03429517864327147,0.0342951786432719,-0.2021432917102611,-0.1994079711174876,-0.0027353205927735103,0.0027353205927735
48,LeftNet-CF AD,Automatic differentiation,1.278704976527843,2.7890560271816445,-1.5103510506538014,1.5103510506538014,-0.3626837290307525,-0.1994079711174876,-0.16327575791326493,0.1632757579132649
48,LeftNet-DF AD,Automatic differentiation,2.779435485867487,2.7890560271816445,-0.00962054131415746,0.0096205413141574,-0.2341284343452924,-0.1994079711174876,-0.03472046322780481,0.0347204632278049
48,EquiformerV2 AD,Automatic differentiation,2.7824813844702336,2.7890560271816445,-0.0065746427114108386,0.0065746427114108,-0.2700338571127423,-0.1994079711174876,-0.07062588599525471,0.0706258859952547
48,HIP,Direct prediction,2.789066412543346,2.7890560271816445,1.038536170172577e-05,1.038536170216986e-05,-0.1987308056527637,-0.1994079711174876,0.0006771654647239056,0.0006771654647238
49,DFT,DFT,2.7890560291482585,2.7890560291482585,0.0,0.0,-0.0164793780361866,-0.0164793780361866,0.0,0.0
49,AlphaNet AD,Automatic differentiation,2.7547608325976936,2.7890560291482585,-0.0342951965505649,0.0342951965505649,-0.1252260140622535,-0.0164793780361866,-0.1087466360260669,0.1087466360260668
49,LeftNet-CF AD,Automatic differentiation,1.278736540322447,2.7890560291482585,-1.5103194888258114,1.5103194888258111,0.2097251701824886,-0.0164793780361866,0.2262045482186752,0.2262045482186752
49,LeftNet-DF AD,Automatic differentiation,2.7793278549951497,2.7890560291482585,-0.009728174153108782,0.0097281741531087,-0.0371727476626531,-0.0164793780361866,-0.020693369626466496,0.0206933696264664
49,EquiformerV2 AD,Automatic differentiation,2.782897626068853,2.7890560291482585,-0.006158403079405517,0.0061584030794055,-0.0153490079878688,-0.0164793780361866,0.0011303700483178015,0.0011303700483178
49,HIP,Direct prediction,2.789062437372348,2.7890560291482585,6.408224089593517e-06,6.408224089149428e-06,-0.0157888240516848,-0.0164793780361866,0.000690553984501803,0.0006905539845017
50,DFT,DFT,2.789056029149433,2.789056029149433,0.0,0.0,-0.1350432703073875,-0.1350432703073875,0.0,0.0
50,AlphaNet AD,Automatic differentiation,2.754760853723503,2.789056029149433,-0.03429517542592997,0.0342951754259304,-0.3025483185876439,-0.1350432703073875,-0.16750504828025642,0.1675050482802565
50,LeftNet-CF AD,Automatic differentiation,1.2788831541635406,2.789056029149433,-1.5101728749858925,1.510172874985893,-0.0145065498253339,-0.1350432703073875,0.12053672048205359,0.1205367204820535
50,LeftNet-DF AD,Automatic differentiation,2.779326132955428,2.789056029149433,-0.009729896194004883,0.0097298961940057,-0.1626145371156191,-0.1350432703073875,-0.027571266808231604,0.0275712668082317
50,EquiformerV2 AD,Automatic differentiation,2.7830276024820386,2.789056029149433,-0.006028426667394449,0.0060284266673948,-0.1727201629032791,-0.1350432703073875,-0.0376768925958916,0.0376768925958915
50,HIP,Direct prediction,2.789064145891035,2.789056029149433,8.116741601948974e-06,8.116741601504884e-06,-0.1379670157270771,-0.1350432703073875,-0.002923745419689594,0.0029237454196896
51,DFT,DFT,2.789056029148717,2.789056029148717,0.0,0.0,0.0186416327689622,0.0186416327689622,0.0,0.0
51,AlphaNet AD,Automatic differentiation,2.754760883810822,2.789056029148717,-0.03429514533789524,0.0342951453378952,0.0314314876008727,0.0186416327689622,0.012789854831910499,0.0127898548319105
51,LeftNet-CF AD,Automatic differentiation,1.2787172551240105,2.789056029148717,-1.5103387740247067,1.5103387740247067,0.2531768673380367,0.0186416327689622,0.2345352345690745,0.2345352345690745
51,LeftNet-DF AD,Automatic differentiation,2.779330906816894,2.789056029148717,-0.009725122331823322,0.0097251223318233,-0.0039636565254645,0.0186416327689622,-0.022605289294426702,0.0226052892944268
51,EquiformerV2 AD,Automatic differentiation,2.783177408340447,2.789056029148717,-0.005878620808270174,0.0058786208082701,0.1016406266592869,0.0186416327689622,0.0829989938903247,0.0829989938903247
51,HIP,Direct prediction,2.7890633850870072,2.789056029148717,7.35593829004344e-06,7.35593829004344e-06,0.0195049678404697,0.0186416327689622,0.0008633350715074976,0.0008633350715075
52,DFT,DFT,2.789056029149432,2.789056029149432,0.0,0.0,-0.0428997014208489,-0.0428997014208489,0.0,0.0
52,AlphaNet AD,Automatic differentiation,2.754760843239697,2.789056029149432,-0.03429518590973535,0.0342951859097353,-0.2327317456957637,-0.0428997014208489,-0.1898320442749148,0.1898320442749148
52,LeftNet-CF AD,Automatic differentiation,1.2786546984538627,2.789056029149432,-1.5104013306955695,1.5104013306955697,-0.2286861077993328,-0.0428997014208489,-0.1857864063784839,0.1857864063784839
52,LeftNet-DF AD,Automatic differentiation,2.7792850792656254,2.789056029149432,-0.009770949883806779,0.0097709498838067,-0.0693932415096651,-0.0428997014208489,-0.026493540088816193,0.0264935400888162
52,EquiformerV2 AD,Automatic differentiation,2.783500337344288,2.789056029149432,-0.005555691805144036,0.005555691805144,-0.0398729819953113,-0.0428997014208489,0.0030267194255376023,0.0030267194255376
52,HIP,Direct prediction,2.789074995122506,2.789056029149432,1.8965973073825637e-05,1.896597307382564e-05,-0.0422168444192277,-0.0428997014208489,0.0006828570016212052,0.0006828570016212
53,DFT,DFT,2.789056029850246,2.789056029850246,0.0,0.0,-0.0944515426047756,-0.0944515426047756,0.0,0.0
53,AlphaNet AD,Automatic differentiation,2.7547608729776987,2.789056029850246,-0.03429515687254714,0.0342951568725471,-0.0768301912176057,-0.0944515426047756,0.0176213513871699,0.0176213513871698
53,LeftNet-CF AD,Automatic differentiation,1.2787458805948992,2.789056029850246,-1.5103101492553466,1.5103101492553466,0.5162622210369799,-0.0944515426047756,0.6107137636417556,0.6107137636417556
53,LeftNet-DF AD,Automatic differentiation,2.779348896412924,2.789056029850246,-0.009707133437321769,0.0097071334373217,-0.1050496177015201,-0.0944515426047756,-0.0105980750967445,0.0105980750967445
53,EquiformerV2 AD,Automatic differentiation,2.7829232922723133,2.789056029850246,-0.006132737577932534,0.0061327375779325,-0.1394668061707372,-0.0944515426047756,-0.0450152635659616,0.0450152635659615
53,HIP,Direct prediction,2.7890655350048976,2.789056029850246,9.50515465181212e-06,9.50515465181212e-06,-0.0972402401430978,-0.0944515426047756,-0.002788697538322199,0.0027886975383222
54,DFT,DFT,2.7890560298520963,2.7890560298520963,0.0,0.0,-0.0529181662655582,-0.0529181662655582,0.0,0.0
54,AlphaNet AD,Automatic differentiation,2.754760791453708,2.7890560298520963,-0.03429523839838833,0.0342952383983883,-0.213068919785193,-0.0529181662655582,-0.1601507535196348,0.1601507535196348
54,LeftNet-CF AD,Automatic differentiation,1.2786807115251353,2.7890560298520963,-1.510375318326961,1.510375318326961,-0.1267695823530667,-0.0529181662655582,-0.0738514160875085,0.0738514160875084
54,LeftNet-DF AD,Automatic differentiation,2.779283184853098,2.7890560298520963,-0.00977284499899822,0.0097728449989982,-0.0789822739468959,-0.0529181662655582,-0.026064107681337698,0.0260641076813376
54,EquiformerV2 AD,Automatic differentiation,2.783116465046015,2.7890560298520963,-0.0059395648060811546,0.0059395648060811,-0.0292223822079012,-0.0529181662655582,0.023695784057657,0.023695784057657
54,HIP,Direct prediction,2.789067732728438,2.7890560298520963,1.1702876341779245e-05,1.1702876341779245e-05,-0.0557024731635782,-0.0529181662655582,-0.002784306898019999,0.0027843068980199
55,DFT,DFT,2.789056029148937,2.789056029148937,0.0,0.0,-0.2037619526398186,-0.2037619526398186,0.0,0.0
55,AlphaNet AD,Automatic differentiation,2.7547608791237246,2.789056029148937,-0.03429515002521244,0.0342951500252119,-0.1916046345426217,-0.2037619526398186,0.012157318097196917,0.0121573180971969
55,LeftNet-CF AD,Automatic differentiation,1.2787389980055843,2.789056029148937,-1.5103170311433527,1.510317031143352,-0.243416223430053,-0.2037619526398186,-0.0396542707902344,0.0396542707902344
55,LeftNet-DF AD,Automatic differentiation,2.779344239055048,2.789056029148937,-0.009711790093889228,0.0097117900938883,-0.2105551651471423,-0.2037619526398186,-0.006793212507323676,0.0067932125073236
55,EquiformerV2 AD,Automatic differentiation,2.782218953014405,2.789056029148937,-0.006837076134531994,0.0068370761345315,-0.1355217368829335,-0.2037619526398186,0.0682402157568851,0.0682402157568851
55,HIP,Direct prediction,2.789076976320073,2.789056029148937,2.094717113587663e-05,2.094717113632072e-05,-0.2030717192874277,-0.2037619526398186,0.0006902333523909066,0.0006902333523908
56,DFT,DFT,2.7890560302574987,2.7890560302574987,0.0,0.0,-0.0078703449684515,-0.0078703449684515,0.0,0.0
56,AlphaNet AD,Automatic differentiation,2.7547608592401414,2.7890560302574987,-0.03429517101735735,0.0342951710173573,0.015391582179316,-0.0078703449684515,0.0232619271477675,0.0232619271477675
56,LeftNet-CF AD,Automatic differentiation,1.2787419312656545,2.7890560302574987,-1.5103140989918442,1.5103140989918444,-0.0689832518339591,-0.0078703449684515,-0.061112906865507605,0.0611129068655076
56,LeftNet-DF AD,Automatic differentiation,2.7793470287124755,2.7890560302574987,-0.009709001545023188,0.0097090015450231,-0.0308344583677197,-0.0078703449684515,-0.022964113399268203,0.0229641133992682
56,EquiformerV2 AD,Automatic differentiation,2.783355263751927,2.7890560302574987,-0.005700766505571497,0.0057007665055714,-0.0191480406497134,-0.0078703449684515,-0.0112776956812619,0.0112776956812619
56,HIP,Direct prediction,2.789062706615361,2.7890560302574987,6.67635786211207e-06,6.67635786211207e-06,-0.0069874830244649,-0.0078703449684515,0.0008828619439865994,0.0008828619439865
57,DFT,DFT,2.6875863786943213,2.6875863786943213,0.0,0.0,-0.031793671181614,-0.031793671181614,0.0,0.0
57,AlphaNet AD,Automatic differentiation,2.590707086902509,2.6875863786943213,-0.09687929179181243,0.0968792917918124,-0.1761187565893397,-0.031793671181614,-0.1443250854077257,0.1443250854077256
57,LeftNet-CF AD,Automatic differentiation,1.2954214026878497,2.6875863786943213,-1.3921649760064716,1.3921649760064716,-0.2369910741943408,-0.031793671181614,-0.2051974030127268,0.2051974030127267
57,LeftNet-DF AD,Automatic differentiation,2.6690130264746736,2.6875863786943213,-0.01857335221964762,0.0185733522196476,-0.0436823658948808,-0.031793671181614,-0.011888694713266805,0.0118886947132668
57,EquiformerV2 AD,Automatic differentiation,2.648293584708117,2.6875863786943213,-0.039292793986204444,0.0392927939862044,-0.0338262888757321,-0.031793671181614,-0.0020326176941181037,0.0020326176941181
57,HIP,Direct prediction,2.6879593435006486,2.6875863786943213,0.0003729648063273139,0.0003729648063273,-0.030878837058749,-0.031793671181614,0.0009148341228649957,0.000914834122865
58,DFT,DFT,2.6875838642733627,2.6875838642733627,0.0,0.0,-0.1131055545480971,-0.1131055545480971,0.0,0.0
58,AlphaNet AD,Automatic differentiation,2.590708446948968,2.6875838642733627,-0.09687541732439486,0.0968754173243948,-0.0922737874885437,-0.1131055545480971,0.020831767059553405,0.0208317670595534
58,LeftNet-CF AD,Automatic differentiation,1.2945068046914183,2.6875838642733627,-1.3930770595819444,1.3930770595819442,-0.2174047839267826,-0.1131055545480971,-0.1042992293786855,0.1042992293786855
58,LeftNet-DF AD,Automatic differentiation,2.668850456541275,2.6875838642733627,-0.01873340773208776,0.0187334077320877,-0.1454900314769932,-0.1131055545480971,-0.03238447692889608,0.0323844769288961
58,EquiformerV2 AD,Automatic differentiation,2.647212478698062,2.6875838642733627,-0.04037138557530051,0.0403713855753,0.0406956996281407,-0.1131055545480971,0.1538012541762378,0.1538012541762378
58,HIP,Direct prediction,2.687972384780816,2.6875838642733627,0.0003885205074531939,0.0003885205074531,-0.1124247506522724,-0.1131055545480971,0.0006808038958246998,0.0006808038958246
59,DFT,DFT,2.6541820249022585,2.6541820249022585,0.0,0.0,0.0184149433971289,0.0184149433971289,0.0,0.0
59,AlphaNet AD,Automatic differentiation,2.5461097423518013,2.6541820249022585,-0.1080722825504572,0.1080722825504572,-0.1066691935877473,0.0184149433971289,-0.1250841369848762,0.1250841369848762
59,LeftNet-CF AD,Automatic differentiation,1.6573163344034898,2.6541820249022585,-0.9968656904987687,0.9968656904987688,-0.1442176300792432,0.0184149433971289,-0.1626325734763721,0.1626325734763722
59,LeftNet-DF AD,Automatic differentiation,2.638752695107188,2.6541820249022585,-0.015429329795070501,0.0154293297950709,0.001022289576329,0.0184149433971289,-0.017392653820799898,0.0173926538207998
59,EquiformerV2 AD,Automatic differentiation,2.605128887533323,2.6541820249022585,-0.04905313736893557,0.0490531373689355,0.018055933012981,0.0184149433971289,-0.0003590103841478974,0.0003590103841478
59,HIP,Direct prediction,2.655001286846109,2.6541820249022585,0.0008192619438505133,0.0008192619438505,0.0191444482615601,0.0184149433971289,0.0007295048644312026,0.0007295048644311
60,DFT,DFT,2.6541837206624126,2.6541837206624126,0.0,0.0,0.0196862155795026,0.0196862155795026,0.0,0.0
60,AlphaNet AD,Automatic differentiation,2.5461190637076005,2.6541837206624126,-0.10806465695481204,0.108064656954812,-0.0843799066919661,0.0196862155795026,-0.10406612227146869,0.1040661222714688
60,LeftNet-CF AD,Automatic differentiation,1.658458503985961,2.6541837206624126,-0.9957252166764516,0.9957252166764516,-0.1109925956401122,0.0196862155795026,-0.1306788112196148,0.1306788112196149
60,LeftNet-DF AD,Automatic differentiation,2.6389640833935784,2.6541837206624126,-0.01521963726883424,0.0152196372688342,0.0183562494142563,0.0196862155795026,-0.0013299661652462977,0.0013299661652463
60,EquiformerV2 AD,Automatic differentiation,2.6051088105637845,2.6541837206624126,-0.04907491009862808,0.049074910098628,0.0316965519938328,0.0196862155795026,0.012010336414330199,0.0120103364143301
60,HIP,Direct prediction,2.6550164048040124,2.6541837206624126,0.0008326841415997599,0.0008326841415997,0.0203624515504761,0.0196862155795026,0.0006762359709735002,0.0006762359709734
61,DFT,DFT,2.6541837522994505,2.6541837522994505,0.0,0.0,-0.1254059788944364,-0.1254059788944364,0.0,0.0
61,AlphaNet AD,Automatic differentiation,2.546118907038049,2.6541837522994505,-0.10806484526140148,0.108064845261401,-0.1411335197706805,-0.1254059788944364,-0.015727540876244117,0.0157275408762441
61,LeftNet-CF AD,Automatic differentiation,1.6573976081594008,2.6541837522994505,-0.9967861441400496,0.9967861441400496,-0.2945812974188883,-0.1254059788944364,-0.1691753185244519,0.1691753185244518
61,LeftNet-DF AD,Automatic differentiation,2.6386391242428813,2.6541837522994505,-0.015544628056569199,0.0155446280565691,-0.1353287225679022,-0.1254059788944364,-0.009922743673465823,0.0099227436734658
61,EquiformerV2 AD,Automatic differentiation,2.6050894511822498,2.6541837522994505,-0.0490943011172007,0.0490943011172007,-0.1143084425344698,-0.1254059788944364,0.01109753635996659,0.0110975363599665
61,HIP,Direct prediction,2.6550213829350824,2.6541837522994505,0.0008376306356319141,0.0008376306356319,-0.1243973898509499,-0.1254059788944364,0.0010085890434864825,0.0010085890434864
62,DFT,DFT,2.6541837522906104,2.6541837522906104,0.0,0.0,-0.1255101614380474,-0.1255101614380474,0.0,0.0
62,AlphaNet AD,Automatic differentiation,2.5461188174207705,2.6541837522906104,-0.10806493486983992,0.1080649348698399,-0.1075510020301986,-0.1255101614380474,0.017959159407848813,0.0179591594078487
62,LeftNet-CF AD,Automatic differentiation,1.657385646111567,2.6541837522906104,-0.9967981061790434,0.9967981061790434,-0.3408469727168071,-0.1255101614380474,-0.21533681127875967,0.2153368112787596
62,LeftNet-DF AD,Automatic differentiation,2.638576163283044,2.6541837522906104,-0.015607589007566425,0.0156075890075664,-0.1417056288857134,-0.1255101614380474,-0.01619546744766598,0.0161954674476659
62,EquiformerV2 AD,Automatic differentiation,2.6048673061545182,2.6541837522906104,-0.04931644613609221,0.0493164461360922,0.0076879261434525,-0.1255101614380474,0.13319808758149992,0.1331980875815
62,HIP,Direct prediction,2.655003475210839,2.6541837522906104,0.0008197229202284717,0.0008197229202284,-0.1248109836263876,-0.1255101614380474,0.000699177811659818,0.0006991778116598
63,DFT,DFT,2.654183752295496,2.654183752295496,0.0,0.0,-0.2957058070868265,-0.2957058070868265,0.0,0.0
63,AlphaNet AD,Automatic differentiation,2.546118963027422,2.654183752295496,-0.10806478926807372,0.1080647892680737,-0.2863022496269171,-0.2957058070868265,0.009403557459909395,0.0094035574599093
63,LeftNet-CF AD,Automatic differentiation,1.657422732024014,2.654183752295496,-0.9967610202714818,0.9967610202714818,-0.4960188106626877,-0.2957058070868265,-0.20031300357586124,0.2003130035758612
63,LeftNet-DF AD,Automatic differentiation,2.6386227575198378,2.654183752295496,-0.015560994775658088,0.015560994775658,-0.4613972746883055,-0.2957058070868265,-0.16569146760147901,0.165691467601479
63,EquiformerV2 AD,Automatic differentiation,2.60459505326705,2.654183752295496,-0.04958869902844576,0.0495886990284457,-0.112050496797334,-0.2957058070868265,0.18365531028949247,0.1836553102894924
63,HIP,Direct prediction,2.654995388130973,2.654183752295496,0.0008116358354772757,0.0008116358354772,-0.2990942781126645,-0.2957058070868265,-0.0033884710258380024,0.003388471025838
64,DFT,DFT,2.654183697437504,2.654183697437504,0.0,0.0,-0.0029921126394918,-0.0029921126394918,0.0,0.0
64,AlphaNet AD,Automatic differentiation,2.5461190337884974,2.654183697437504,-0.10806466364900658,0.1080646636490065,0.0066633599790562,-0.0029921126394918,0.009655472618548,0.0096554726185481
64,LeftNet-CF AD,Automatic differentiation,1.657340989417795,2.654183697437504,-0.9968427080197089,0.9968427080197088,0.5511818952359715,-0.0029921126394918,0.5541740078754633,0.5541740078754633
64,LeftNet-DF AD,Automatic differentiation,2.63864567084631,2.654183697437504,-0.015538026591193965,0.0155380265911939,-0.0227329015477968,-0.0029921126394918,-0.019740788908305,0.019740788908305
64,EquiformerV2 AD,Automatic differentiation,2.6051689110882768,2.654183697437504,-0.04901478634922718,0.0490147863492271,0.0191852748944262,-0.0029921126394918,0.022177387533918,0.022177387533918
64,HIP,Direct prediction,2.6550095803034504,2.654183697437504,0.0008258828659464257,0.0008258828659464,-0.005850456905885,-0.0029921126394918,-0.0028583442663932,0.0028583442663931
65,DFT,DFT,2.714339209444822,2.714339209444822,0.0,0.0,-0.0031335304359392,-0.0031335304359392,0.0,0.0
65,AlphaNet AD,Automatic differentiation,2.6418227270904926,2.714339209444822,-0.07251648235432961,0.0725164823543296,0.0019169194578465,-0.0031335304359392,0.0050504498937857,0.0050504498937857
65,LeftNet-CF AD,Automatic differentiation,0.9357087094084116,2.714339209444822,-1.7786305000364107,1.7786305000364109,0.5398000521749591,-0.0031335304359392,0.5429335826108983,0.5429335826108983
65,LeftNet-DF AD,Automatic differentiation,2.706900324981014,2.714339209444822,-0.0074388844638080265,0.0074388844638075,-0.0301228026669285,-0.0031335304359392,-0.0269892722309893,0.0269892722309892
65,EquiformerV2 AD,Automatic differentiation,2.70941738818096,2.714339209444822,-0.004921821263862203,0.0049218212638626,0.0184811369712682,-0.0031335304359392,0.0216146674072074,0.0216146674072075
65,HIP,Direct prediction,2.7145579590151403,2.714339209444822,0.00021874957031808862,0.000218749570318,-0.0059790651756428,-0.0031335304359392,-0.0028455347397036003,0.0028455347397036
66,DFT,DFT,2.7143273205432625,2.7143273205432625,0.0,0.0,0.0097528852407262,0.0097528852407262,0.0,0.0
66,AlphaNet AD,Automatic differentiation,2.6418085324244003,2.7143273205432625,-0.07251878811886225,0.0725187881188622,0.0205338836066453,0.0097528852407262,0.010780998365919099,0.010780998365919
66,LeftNet-CF AD,Automatic differentiation,0.9350977244855904,2.7143273205432625,-1.779229596057672,1.7792295960576725,0.4990821865490477,0.0097528852407262,0.4893293013083215,0.4893293013083215
66,LeftNet-DF AD,Automatic differentiation,2.7074431785850424,2.7143273205432625,-0.00688414195822018,0.0068841419582201,-0.0385123094962042,0.0097528852407262,-0.048265194736930396,0.0482651947369304
66,EquiformerV2 AD,Automatic differentiation,2.709016906143196,2.7143273205432625,-0.00531041440006641,0.0053104144000664,0.007888344448783,0.0097528852407262,-0.0018645407919431999,0.0018645407919432
66,HIP,Direct prediction,2.7145636493582086,2.7143273205432625,0.00023632881494606295,0.000236328814946,0.0068099852146783,0.0097528852407262,-0.002942900026047901,0.0029429000260479
67,DFT,DFT,2.7143273173804223,2.7143273173804223,0.0,0.0,-0.1164214406897863,-0.1164214406897863,0.0,0.0
67,AlphaNet AD,Automatic differentiation,2.6418085326511624,2.7143273173804223,-0.07251878472925988,0.0725187847292598,-0.0942471203521712,-0.1164214406897863,0.0221743203376151,0.0221743203376151
67,LeftNet-CF AD,Automatic differentiation,0.935197581456906,2.7143273173804223,-1.7791297359235163,1.7791297359235163,-0.22940139532059,-0.1164214406897863,-0.11297995463080371,0.1129799546308037
67,LeftNet-DF AD,Automatic differentiation,2.7072168809611825,2.7143273173804223,-0.007110436419239807,0.0071104364192398,-0.1492872959717232,-0.1164214406897863,-0.03286585528193689,0.0328658552819368
67,EquiformerV2 AD,Automatic differentiation,2.7091382008158247,2.7143273173804223,-0.00518911656459764,0.0051891165645976,0.0572726903127897,-0.1164214406897863,0.173694131002576,0.173694131002576
67,HIP,Direct prediction,2.7145591310769253,2.7143273173804223,0.00023181369650293604,0.0002318136965029,-0.1157405056308129,-0.1164214406897863,0.0006809350589734031,0.0006809350589733
68,DFT,DFT,2.714327306858368,2.714327306858368,0.0,0.0,-0.041921539262485,-0.041921539262485,0.0,0.0
68,AlphaNet AD,Automatic differentiation,2.6418085355814025,2.714327306858368,-0.07251877127696549,0.0725187712769654,-0.2510065195398581,-0.041921539262485,-0.2090849802773731,0.2090849802773731
68,LeftNet-CF AD,Automatic differentiation,0.9350716949202154,2.714327306858368,-1.7792556119381526,1.7792556119381526,-0.0038243103007569,-0.041921539262485,0.0380972289617281,0.038097228961728
68,LeftNet-DF AD,Automatic differentiation,2.707717906515193,2.714327306858368,-0.0066094003431751425,0.0066094003431751,-0.0701374136181444,-0.041921539262485,-0.028215874355659407,0.0282158743556594
68,EquiformerV2 AD,Automatic differentiation,2.7088567033131885,2.714327306858368,-0.0054706035451794754,0.0054706035451794,-0.0426309516246357,-0.041921539262485,-0.0007094123621506979,0.0007094123621507
68,HIP,Direct prediction,2.714568902860968,2.714327306858368,0.0002415960026000974,0.0002415960025996,-0.0411861966604193,-0.041921539262485,0.0007353426020657028,0.0007353426020656
69,DFT,DFT,2.7143273173728346,2.7143273173728346,0.0,0.0,-0.0058294446670527,-0.0058294446670527,0.0,0.0
69,AlphaNet AD,Automatic differentiation,2.641808574262739,2.7143273173728346,-0.07251874311009576,0.0725187431100957,0.0032140643736469,-0.0058294446670527,0.0090435090406996,0.0090435090406996
69,LeftNet-CF AD,Automatic differentiation,0.9352388649779456,2.7143273173728346,-1.7790884523948889,1.7790884523948889,-0.2369343706335854,-0.0058294446670527,-0.2311049259665327,0.2311049259665327
69,LeftNet-DF AD,Automatic differentiation,2.707260528593354,2.7143273173728346,-0.007066788779480415,0.0070667887794804,-0.0305885824211145,-0.0058294446670527,-0.0247591377540618,0.0247591377540617
69,EquiformerV2 AD,Automatic differentiation,2.7091062800457486,2.7143273173728346,-0.005221037327086009,0.005221037327086,0.0524660516967473,-0.0058294446670527,0.0582954963638,0.0582954963638
69,HIP,Direct prediction,2.714580897720861,2.7143273173728346,0.000253580348026361,0.0002535803480263,-0.0049359849118357,-0.0058294446670527,0.0008934597552170001,0.0008934597552169
70,DFT,DFT,2.732084566028105,2.732084566028105,0.0,0.0,-0.0047121386414536,-0.0047121386414536,0.0,0.0
70,AlphaNet AD,Automatic differentiation,2.704461781872956,2.732084566028105,-0.02762278415514885,0.0276227841551492,0.0048973951833591,-0.0047121386414536,0.0096095338248127,0.0096095338248128
70,LeftNet-CF AD,Automatic differentiation,1.0890184572779489,2.732084566028105,-1.643066108750156,1.6430661087501564,-0.2375736674770855,-0.0047121386414536,-0.2328615288356319,0.2328615288356318
70,LeftNet-DF AD,Automatic differentiation,2.7196244369030587,2.732084566028105,-0.012460129125046127,0.0124601291250465,-0.0264239223062908,-0.0047121386414536,-0.0217117836648372,0.0217117836648371
70,EquiformerV2 AD,Automatic differentiation,2.7323564401846703,2.732084566028105,0.0002718741565654881,0.000271874156565,0.0520271750349433,-0.0047121386414536,0.056739313676396896,0.056739313676397
70,HIP,Direct prediction,2.732424087086226,2.732084566028105,0.00033952105812140587,0.0003395210581209,-0.003836281980668,-0.0047121386414536,0.0008758566607855998,0.0008758566607856
71,DFT,DFT,2.7320836351567324,2.7320836351567324,0.0,0.0,-0.1023771056712198,-0.1023771056712198,0.0,0.0
71,AlphaNet AD,Automatic differentiation,2.7044433393540728,2.7320836351567324,-0.027640295802659587,0.0276402958026595,-0.071516308159666,-0.1023771056712198,0.030860797511553795,0.0308607975115538
71,LeftNet-CF AD,Automatic differentiation,1.0872162563425627,2.7320836351567324,-1.6448673788141697,1.6448673788141697,-0.1909348633449946,-0.1023771056712198,-0.0885577576737748,0.0885577576737747
71,LeftNet-DF AD,Automatic differentiation,2.719459212339942,2.7320836351567324,-0.012624422816790215,0.0126244228167902,-0.1073743513341624,-0.1023771056712198,-0.004997245662942601,0.0049972456629425
71,EquiformerV2 AD,Automatic differentiation,2.731626739243185,2.7320836351567324,-0.00045689591354713954,0.0004568959135471,0.0826497710730482,-0.1023771056712198,0.185026876744268,0.1850268767442681
71,HIP,Direct prediction,2.732415235922365,2.7320836351567324,0.0003316007656324338,0.0003316007656328,-0.1015905924766761,-0.1023771056712198,0.0007865131945437032,0.0007865131945437
72,DFT,DFT,2.73208564223281,2.73208564223281,0.0,0.0,-0.0845758641559259,-0.0845758641559259,0.0,0.0
72,AlphaNet AD,Automatic differentiation,2.7044402200227213,2.73208564223281,-0.02764542221008881,0.0276454222100888,-0.1836327487503541,-0.0845758641559259,-0.0990568845944282,0.0990568845944281
72,LeftNet-CF AD,Automatic differentiation,1.0867282154056246,2.73208564223281,-1.6453574268271856,1.6453574268271856,-0.0854644678764272,-0.0845758641559259,-0.0008886037205012992,0.0008886037205012
72,LeftNet-DF AD,Automatic differentiation,2.7195543831260247,2.73208564223281,-0.01253125910678543,0.0125312591067854,-0.1140499195432051,-0.0845758641559259,-0.029474055387279208,0.0294740553872792
72,EquiformerV2 AD,Automatic differentiation,2.732135810093457,2.73208564223281,5.016786064704348e-05,5.016786064704348e-05,-0.1008276362789846,-0.0845758641559259,-0.0162517721230587,0.0162517721230586
72,HIP,Direct prediction,2.7324201652315887,2.73208564223281,0.0003345229987785636,0.0003345229987785,-0.0838964841561963,-0.0845758641559259,0.0006793799997295985,0.0006793799997296
73,DFT,DFT,2.7320838562367187,2.7320838562367187,0.0,0.0,-0.0513912971898087,-0.0513912971898087,0.0,0.0
73,AlphaNet AD,Automatic differentiation,2.7044449832312925,2.7320838562367187,-0.027638873005426223,0.0276388730054262,-0.2229981622287429,-0.0513912971898087,-0.17160686503893421,0.1716068650389341
73,LeftNet-CF AD,Automatic differentiation,1.0885170735000609,2.7320838562367187,-1.6435667827366578,1.6435667827366578,-0.1013346816124517,-0.0513912971898087,-0.049943384422643,0.0499433844226429
73,LeftNet-DF AD,Automatic differentiation,2.719583802844562,2.7320838562367187,-0.012500053392156651,0.0125000533921566,-0.0767395129140215,-0.0513912971898087,-0.025348215724212794,0.0253482157242127
73,EquiformerV2 AD,Automatic differentiation,2.732263507731937,2.7320838562367187,0.0001796514952183692,0.0001796514952188,-0.0265403572789365,-0.0513912971898087,0.0248509399108722,0.0248509399108722
73,HIP,Direct prediction,2.7324142613179743,2.7320838562367187,0.0003304050812555914,0.0003304050812555,-0.0541798300073566,-0.0513912971898087,-0.0027885328175479007,0.0027885328175478
74,DFT,DFT,2.732087191800717,2.732087191800717,0.0,0.0,-0.1295306185361638,-0.1295306185361638,0.0,0.0
74,AlphaNet AD,Automatic differentiation,2.704462945803072,2.732087191800717,-0.027624245997645236,0.0276242459976456,-0.1303150523226187,-0.1295306185361638,-0.0007844337864549022,0.0007844337864549
74,LeftNet-CF AD,Automatic differentiation,1.0878187451625083,2.732087191800717,-1.6442684466382087,1.6442684466382091,-0.3298232449508609,-0.1295306185361638,-0.2002926264146971,0.2002926264146971
74,LeftNet-DF AD,Automatic differentiation,2.719709864814017,2.732087191800717,-0.0123773269866998,0.0123773269867002,-0.1525700773258756,-0.1295306185361638,-0.02303945878971181,0.0230394587897118
74,EquiformerV2 AD,Automatic differentiation,2.7318645975373768,2.732087191800717,-0.0002225942633402589,0.0002225942633407,0.0382934886135209,-0.1295306185361638,0.1678241071496847,0.1678241071496847
74,HIP,Direct prediction,2.7324172208273128,2.732087191800717,0.0003300290265957351,0.0003300290265952,-0.128806287604401,-0.1295306185361638,0.0007243309317628011,0.0007243309317627
75,DFT,DFT,2.732085915938053,2.732085915938053,0.0,0.0,0.010113967812789,0.010113967812789,0.0,0.0
75,AlphaNet AD,Automatic differentiation,2.7044461562362754,2.732085915938053,-0.027639759701777677,0.0276397597017781,0.0221071162121442,0.010113967812789,0.0119931483993552,0.0119931483993551
75,LeftNet-CF AD,Automatic differentiation,1.086047979858064,2.732085915938053,-1.646037936079989,1.6460379360799895,0.4682695094916712,0.010113967812789,0.45815554167888217,0.4581555416788821
75,LeftNet-DF AD,Automatic differentiation,2.719478771072006,2.732085915938053,-0.012607144866047193,0.0126071448660476,-0.0191712062652688,0.010113967812789,-0.0292851740780578,0.0292851740780579
75,EquiformerV2 AD,Automatic differentiation,2.731377120754072,2.732085915938053,-0.000708795183981259,0.0007087951839812,0.0081492778773138,0.010113967812789,-0.001964689935475201,0.0019646899354752
75,HIP,Direct prediction,2.7324215936437923,2.732085915938053,0.000335677705739279,0.0003356777057388,0.007207876381616,0.010113967812789,-0.0029060914311730005,0.002906091431173
76,DFT,DFT,2.7320857946388246,2.7320857946388246,0.0,0.0,-0.0054729840227843,-0.0054729840227843,0.0,0.0
76,AlphaNet AD,Automatic differentiation,2.7044620573581364,2.7320857946388246,-0.027623737280688232,0.0276237372806882,0.001818002486356,-0.0054729840227843,0.0072909865091402995,0.0072909865091404
76,LeftNet-CF AD,Automatic differentiation,1.087479578185892,2.7320857946388246,-1.6446062164529327,1.6446062164529325,-0.2351437454592106,-0.0054729840227843,-0.2296707614364263,0.2296707614364262
76,LeftNet-DF AD,Automatic differentiation,2.7188656647381837,2.7320857946388246,-0.01322012990064092,0.0132201299006413,-0.0306657787209153,-0.0054729840227843,-0.025192794698131002,0.025192794698131
76,EquiformerV2 AD,Automatic differentiation,2.732097133197451,2.7320857946388246,1.1338558626228235e-05,1.1338558626228236e-05,0.0529085991938417,-0.0054729840227843,0.058381583216626,0.058381583216626
76,HIP,Direct prediction,2.7324006202829243,2.7320857946388246,0.00031482564409968106,0.0003148256440996,-0.0045872209446768,-0.0054729840227843,0.0008857630781075,0.0008857630781074
77,DFT,DFT,2.732084423220128,2.732084423220128,0.0,0.0,-0.0040389515226781,-0.0040389515226781,0.0,0.0
77,AlphaNet AD,Automatic differentiation,2.704443865476996,2.732084423220128,-0.02764055774313201,0.027640557743132,-0.1286939656031102,-0.0040389515226781,-0.1246550140804321,0.124655014080432
77,LeftNet-CF AD,Automatic differentiation,1.088472181270679,2.732084423220128,-1.6436122419494488,1.6436122419494488,-0.2695794458681325,-0.0040389515226781,-0.2655404943454544,0.2655404943454543
77,LeftNet-DF AD,Automatic differentiation,2.719616402806416,2.732084423220128,-0.012468020413711756,0.0124680204137117,-0.0196581161183806,-0.0040389515226781,-0.015619164595702499,0.0156191645957024
77,EquiformerV2 AD,Automatic differentiation,2.731754788442844,2.732084423220128,-0.00032963477728387147,0.0003296347772838,0.0121141009513702,-0.0040389515226781,0.0161530524740483,0.0161530524740484
77,HIP,Direct prediction,2.7324196440201862,2.732084423220128,0.00033522080005843335,0.0003352208000584,-0.0033446240920027,-0.0040389515226781,0.0006943274306754001,0.0006943274306753
78,DFT,DFT,2.6772764973761034,2.6772764973761034,0.0,0.0,-0.0952950424538056,-0.0952950424538056,0.0,0.0
78,AlphaNet AD,Automatic differentiation,2.616637814296974,2.6772764973761034,-0.06063868307912923,0.0606386830791292,-0.1977941591867245,-0.0952950424538056,-0.1024991167329189,0.1024991167329189
78,LeftNet-CF AD,Automatic differentiation,1.444816350160162,2.6772764973761034,-1.2324601472159413,1.2324601472159415,-0.1006245945267452,-0.0952950424538056,-0.0053295520729396,0.0053295520729395
78,LeftNet-DF AD,Automatic differentiation,2.6659840391577307,2.6772764973761034,-0.011292458218372659,0.0112924582183726,-0.1271241474780516,-0.0952950424538056,-0.03182910502424599,0.0318291050242459
78,EquiformerV2 AD,Automatic differentiation,2.5784870080122437,2.6772764973761034,-0.09878948936385967,0.0987894893638601,-0.1201152327230457,-0.0952950424538056,-0.024820190269240094,0.0248201902692401
78,HIP,Direct prediction,2.678101417444963,2.6772764973761034,0.0008249200688594804,0.0008249200688594,-0.0946177327883114,-0.0952950424538056,0.0006773096654942024,0.0006773096654942
79,DFT,DFT,2.677249244236493,2.677249244236493,0.0,0.0,-0.0375315238752548,-0.0375315238752548,0.0,0.0
79,AlphaNet AD,Automatic differentiation,2.616648458887304,2.677249244236493,-0.06060078534918922,0.0606007853491892,-0.1321637871807376,-0.0375315238752548,-0.0946322633054828,0.0946322633054828
79,LeftNet-CF AD,Automatic differentiation,1.444635797205686,2.677249244236493,-1.232613447030807,1.2326134470308074,-0.0247523274197296,-0.0375315238752548,0.012779196455525204,0.0127791964555251
79,LeftNet-DF AD,Automatic differentiation,2.666369017882343,2.677249244236493,-0.010880226354149869,0.0108802263541503,-0.0531419552908715,-0.0375315238752548,-0.015610431415616695,0.0156104314156166
79,EquiformerV2 AD,Automatic differentiation,2.578775944544124,2.677249244236493,-0.09847329969236895,0.0984732996923698,-0.1108073089152224,-0.0375315238752548,-0.0732757850399676,0.0732757850399676
79,HIP,Direct prediction,2.6780910260797577,2.677249244236493,0.0008417818432646662,0.0008417818432642,-0.04037311151375,-0.0375315238752548,-0.002841587638495194,0.0028415876384951
