model,reaction_identifier,dft_force_rms_hartree_per_bohr,dft_negative_mode_count,dft_is_transition_state,dft_force_rms_below_0p002_hartree_per_bohr,dft_is_transition_state_and_force_rms_below_0p002_hartree_per_bohr
EquiformerV2 AD,rxn10019,0.0011139869080367818,1,True,True,True
EquiformerV2 AD,rxn10032,0.000448576465457116,1,True,True,True
EquiformerV2 AD,rxn10042,0.006757986144360149,1,True,False,False
EquiformerV2 AD,rxn1024,0.0006123189484279078,1,True,True,True
EquiformerV2 AD,rxn102,0.000758036080559362,1,True,True,True
EquiformerV2 AD,rxn1041,0.0004963230275492525,1,True,True,True
EquiformerV2 AD,rxn1050,0.0005468390197412229,1,True,True,True
EquiformerV2 AD,rxn1058,0.0010137490907763571,1,True,True,True
EquiformerV2 AD,rxn1076,0.00041221677382640635,1,True,True,True
EquiformerV2 AD,rxn1077,0.006961430997179774,1,True,False,False
EquiformerV2 AD,rxn1079,0.0023882411548765015,1,True,False,False
EquiformerV2 AD,rxn1081,0.00031281810144969275,1,True,True,True
EquiformerV2 AD,rxn1086,0.0015693200023440953,1,True,True,True
EquiformerV2 AD,rxn1204,0.0003623062630863152,1,True,True,True
EquiformerV2 AD,rxn1208,0.00024645472656519116,1,True,True,True
EquiformerV2 AD,rxn1214,0.0006729226496610728,1,True,True,True
EquiformerV2 AD,rxn1216,0.0005019438839448098,1,True,True,True
EquiformerV2 AD,rxn1218,0.00046116226997961943,1,True,True,True
EquiformerV2 AD,rxn1220,0.0002764658122226845,1,True,True,True
EquiformerV2 AD,rxn1238,0.0005418582224844135,1,True,True,True
EquiformerV2 AD,rxn1239,0.0013393288644446546,1,True,True,True
EquiformerV2 AD,rxn124,0.0008918281786398392,1,True,True,True
EquiformerV2 AD,rxn1279,0.00037201567613929127,1,True,True,True
EquiformerV2 AD,rxn1286,0.0015143399321501487,1,True,True,True
EquiformerV2 AD,rxn1299,0.0008974181997779387,1,True,True,True
EquiformerV2 AD,rxn1312,0.002036048965831406,1,True,False,False
EquiformerV2 AD,rxn1318,0.0010452465023973068,1,True,True,True
EquiformerV2 AD,rxn1319,0.0009319286373059194,1,True,True,True
EquiformerV2 AD,rxn1341,0.000575816324761352,1,True,True,True
EquiformerV2 AD,rxn1351,0.0006166396798346079,1,True,True,True
EquiformerV2 AD,rxn1379,0.0012311252400994852,1,True,True,True
EquiformerV2 AD,rxn1417,0.0006212278118326818,1,True,True,True
EquiformerV2 AD,rxn143,0.000705356647075454,1,True,True,True
EquiformerV2 AD,rxn144,0.0018826386609287502,1,True,True,True
EquiformerV2 AD,rxn1451,0.00026219955773199006,1,True,True,True
EquiformerV2 AD,rxn1461,0.0011342339476250133,1,True,True,True
EquiformerV2 AD,rxn1466,0.0004967209505232176,1,True,True,True
EquiformerV2 AD,rxn1476,0.0011019002361912073,1,True,True,True
EquiformerV2 AD,rxn1488,0.0006694043694256773,1,True,True,True
EquiformerV2 AD,rxn148,0.001036863887467963,1,True,True,True
EquiformerV2 AD,rxn1493,0.0007842889398416478,1,True,True,True
EquiformerV2 AD,rxn1498,0.0005065544776792811,1,True,True,True
EquiformerV2 AD,rxn1509,0.0005814866498737971,1,True,True,True
EquiformerV2 AD,rxn1523,0.0006031598115322328,1,True,True,True
EquiformerV2 AD,rxn1590,0.00040678466926209067,1,True,True,True
EquiformerV2 AD,rxn1593,0.0002944666372610041,1,True,True,True
EquiformerV2 AD,rxn1596,0.0007262352032113003,1,True,True,True
EquiformerV2 AD,rxn160,0.0007257442597199858,1,True,True,True
EquiformerV2 AD,rxn1639,0.0005600497053499062,1,True,True,True
EquiformerV2 AD,rxn1648,0.00032456594048842853,1,True,True,True
EquiformerV2 AD,rxn1650,0.0007244157329901485,1,True,True,True
EquiformerV2 AD,rxn1658,0.0005433399712094064,1,True,True,True
EquiformerV2 AD,rxn170,0.0006186673220946284,1,True,True,True
EquiformerV2 AD,rxn1713,0.0004504164714022781,1,True,True,True
EquiformerV2 AD,rxn1746,0.0009453747614806127,1,True,True,True
EquiformerV2 AD,rxn1749,0.0011641273546770924,1,True,True,True
EquiformerV2 AD,rxn1758,0.000598793465850369,1,True,True,True
EquiformerV2 AD,rxn1770,0.0015446376850489132,1,True,True,True
EquiformerV2 AD,rxn1772,0.000278259330397685,1,True,True,True
EquiformerV2 AD,rxn1783,0.0019683089105680673,1,True,True,True
EquiformerV2 AD,rxn1795,0.00045124282309527854,1,True,True,True
EquiformerV2 AD,rxn1800,0.00041574333551364133,1,True,True,True
EquiformerV2 AD,rxn1810,0.0003497795665653618,1,True,True,True
EquiformerV2 AD,rxn1813,0.000389362541348438,1,True,True,True
EquiformerV2 AD,rxn1816,0.0007330497205552238,1,True,True,True
EquiformerV2 AD,rxn1836,0.00045991846191300787,1,True,True,True
EquiformerV2 AD,rxn1846,0.01899762762598441,1,True,False,False
EquiformerV2 AD,rxn1847,0.000565323169371315,1,True,True,True
EquiformerV2 AD,rxn1875,0.00042954445907466095,1,True,True,True
EquiformerV2 AD,rxn1880,0.001077820824485687,1,True,True,True
EquiformerV2 AD,rxn1915,0.003206082854201179,1,True,False,False
EquiformerV2 AD,rxn1922,0.0007568977619853199,1,True,True,True
EquiformerV2 AD,rxn1946,0.0007633090640584801,1,True,True,True
EquiformerV2 AD,rxn1976,0.0008411835623019122,1,True,True,True
EquiformerV2 AD,rxn1983,0.0006952178666071725,1,True,True,True
EquiformerV2 AD,rxn1984,0.0005234342061111323,1,True,True,True
EquiformerV2 AD,rxn1991,0.0005343369168474537,1,True,True,True
EquiformerV2 AD,rxn199,0.003038753448067121,1,True,False,False
EquiformerV2 AD,rxn2024,0.0010435642851088194,1,True,True,True
EquiformerV2 AD,rxn2032,0.0005420325398949502,1,True,True,True
EquiformerV2 AD,rxn2034,0.0010393007297769567,1,True,True,True
EquiformerV2 AD,rxn2065,0.000919812825762421,1,True,True,True
EquiformerV2 AD,rxn2073,0.0008874760452430914,1,True,True,True
EquiformerV2 AD,rxn2088,0.0007645249585981008,1,True,True,True
EquiformerV2 AD,rxn2104,0.0017974117629420963,2,False,True,False
EquiformerV2 AD,rxn2131,0.0005509006488629659,1,True,True,True
EquiformerV2 AD,rxn2149,0.00047471866665826717,1,True,True,True
EquiformerV2 AD,rxn2176,0.0007330083621970923,1,True,True,True
EquiformerV2 AD,rxn2179,0.0002282378274490123,1,True,True,True
EquiformerV2 AD,rxn2195,0.0007916460799119282,1,True,True,True
EquiformerV2 AD,rxn220,0.00047769180143859526,1,True,True,True
EquiformerV2 AD,rxn2212,0.0005753764041056418,1,True,True,True
EquiformerV2 AD,rxn2226,0.001397871606669774,1,True,True,True
EquiformerV2 AD,rxn2271,0.00034578305387452865,1,True,True,True
EquiformerV2 AD,rxn2279,0.0010745845691120836,1,True,True,True
EquiformerV2 AD,rxn2289,0.0006178436360466246,1,True,True,True
EquiformerV2 AD,rxn2337,0.0004550404240029832,1,True,True,True
EquiformerV2 AD,rxn233,0.0003940210388103993,1,True,True,True
EquiformerV2 AD,rxn2349,0.0030365088020923173,1,True,False,False
EquiformerV2 AD,rxn2356,0.0014608244614741663,1,True,True,True
