molecule_index,optimization_method,converged,optimization_step_count,wall_time_seconds
0,FIRE,True,62,1.6758480470161885
0,RFO-BFGS,True,15,0.4628257479926105
0,RFO with HIP Hessian,True,4,0.3210154809930827
0,RFO with EquiformerV2 AD Hessian,False,149,44.36441912598093
0,RFO with finite-difference Hessian,True,5,6.530565752997063
1,FIRE,True,57,1.5225253490207251
1,RFO-BFGS,True,15,0.4399810580071062
1,RFO with HIP Hessian,True,5,0.3894514379790053
1,RFO with EquiformerV2 AD Hessian,False,149,44.59056788499584
1,RFO with finite-difference Hessian,True,11,13.182031486008782
2,FIRE,True,42,1.123284199013142
2,RFO-BFGS,True,7,0.2194100409979
2,RFO with HIP Hessian,True,3,0.2609979889821261
2,RFO with EquiformerV2 AD Hessian,False,149,44.3294413270196
2,RFO with finite-difference Hessian,True,5,6.494552957010455
3,FIRE,True,94,2.5897503230080474
3,RFO-BFGS,True,18,0.5871897840115707
3,RFO with HIP Hessian,True,6,0.4596279340039473
3,RFO with EquiformerV2 AD Hessian,False,149,44.93164199899184
3,RFO with finite-difference Hessian,True,99,108.88659080900834
4,FIRE,True,64,1.7102683320117649
4,RFO-BFGS,True,14,0.4156935649807565
4,RFO with HIP Hessian,True,13,0.9637258989969268
4,RFO with EquiformerV2 AD Hessian,False,149,44.56071094798972
4,RFO with finite-difference Hessian,True,56,62.02310371299973
5,FIRE,True,75,1.9997110839758527
5,RFO-BFGS,True,18,0.5446162759908475
5,RFO with HIP Hessian,True,9,0.6792047170165461
5,RFO with EquiformerV2 AD Hessian,False,149,44.92660232700291
5,RFO with finite-difference Hessian,True,17,19.79903314099647
6,FIRE,True,61,1.6719579249911476
6,RFO-BFGS,True,13,0.4083337589981965
6,RFO with HIP Hessian,True,4,0.3317301679926459
6,RFO with EquiformerV2 AD Hessian,False,149,44.58232515200507
6,RFO with finite-difference Hessian,True,84,92.6831830299925
7,FIRE,True,57,1.531724700005725
7,RFO-BFGS,True,12,0.3588954669830855
7,RFO with HIP Hessian,True,6,0.4786849929951131
7,RFO with EquiformerV2 AD Hessian,False,149,44.79523074699682
7,RFO with finite-difference Hessian,True,21,24.21944968600292
8,FIRE,True,67,1.991685912013054
8,RFO-BFGS,True,15,0.4683480559906456
8,RFO with HIP Hessian,True,3,0.260215830989182
8,RFO with EquiformerV2 AD Hessian,False,149,44.76340927899582
8,RFO with finite-difference Hessian,True,6,7.542695172014646
9,FIRE,True,43,1.1594605810241774
9,RFO-BFGS,True,12,0.3587686220125761
9,RFO with HIP Hessian,True,3,0.2620996629993897
9,RFO with EquiformerV2 AD Hessian,False,149,44.86753127200063
9,RFO with finite-difference Hessian,True,5,6.513705518009374
10,FIRE,True,47,1.312145703996066
10,RFO-BFGS,True,12,0.3838149000075646
10,RFO with HIP Hessian,True,4,0.3199881319887936
10,RFO with EquiformerV2 AD Hessian,False,149,44.713118532003136
10,RFO with finite-difference Hessian,True,4,5.417981812992366
11,FIRE,True,68,1.8170195210259408
11,RFO-BFGS,True,15,0.4426012290059589
11,RFO with HIP Hessian,True,3,0.2655761080095544
11,RFO with EquiformerV2 AD Hessian,False,149,44.86725367998588
11,RFO with finite-difference Hessian,True,7,8.664169340016088
12,FIRE,True,42,1.169068866991438
12,RFO-BFGS,True,10,0.3099939630192239
12,RFO with HIP Hessian,True,2,0.1807049729977734
12,RFO with EquiformerV2 AD Hessian,False,149,44.82562252500793
12,RFO with finite-difference Hessian,True,23,26.36151939898264
13,FIRE,True,66,1.7736265409912448
13,RFO-BFGS,True,13,0.4006696889991872
13,RFO with HIP Hessian,True,5,0.3959907829994336
13,RFO with EquiformerV2 AD Hessian,False,149,44.78846860898193
13,RFO with finite-difference Hessian,True,100,110.3710715950001
14,FIRE,True,67,1.952454394981032
14,RFO-BFGS,True,20,0.6310756920138374
14,RFO with HIP Hessian,True,4,0.3551884829939808
14,RFO with EquiformerV2 AD Hessian,False,149,65.16637501199148
14,RFO with finite-difference Hessian,False,149,264.13104349101195
15,FIRE,True,69,2.0473221730208024
15,RFO-BFGS,True,20,0.652028265001718
15,RFO with HIP Hessian,True,4,0.3427293759887106
15,RFO with EquiformerV2 AD Hessian,False,149,65.1614876940148
15,RFO with finite-difference Hessian,False,149,263.5559150550107
16,FIRE,True,49,1.4464607429981695
16,RFO-BFGS,True,10,0.3368127310241107
16,RFO with HIP Hessian,True,5,0.431010187981883
16,RFO with EquiformerV2 AD Hessian,False,149,71.24832733601215
16,RFO with finite-difference Hessian,False,149,292.1593447579944
17,FIRE,True,73,2.200769643008244
17,RFO-BFGS,True,20,0.6883136140240822
17,RFO with HIP Hessian,True,12,0.9497159220045432
17,RFO with EquiformerV2 AD Hessian,False,149,71.37073779699858
17,RFO with finite-difference Hessian,False,149,291.2871730719926
18,FIRE,True,61,1.799908243003301
18,RFO-BFGS,True,26,0.8277650859963614
18,RFO with HIP Hessian,True,6,0.513204588991357
18,RFO with EquiformerV2 AD Hessian,False,149,71.24745719900238
18,RFO with finite-difference Hessian,False,149,292.3182551439968
19,FIRE,True,65,1.8978869510174263
19,RFO-BFGS,True,24,0.7933361199975479
19,RFO with HIP Hessian,True,16,1.2977965099853463
19,RFO with EquiformerV2 AD Hessian,False,149,71.45191163400887
19,RFO with finite-difference Hessian,False,149,292.57322792499326
20,FIRE,True,53,1.5568527269933838
20,RFO-BFGS,True,12,0.42059298499953
20,RFO with HIP Hessian,True,9,0.7515016790130176
20,RFO with EquiformerV2 AD Hessian,False,149,71.15616161600337
20,RFO with finite-difference Hessian,False,149,291.9051018790051
21,FIRE,True,49,1.454654226981802
21,RFO-BFGS,True,10,0.3402117440127767
21,RFO with HIP Hessian,True,3,0.282415015011793
21,RFO with EquiformerV2 AD Hessian,False,149,71.28313336099382
21,RFO with finite-difference Hessian,False,149,293.0328021280002
22,FIRE,True,58,1.753172831988195
22,RFO-BFGS,True,25,0.8166125419957098
22,RFO with HIP Hessian,True,10,0.8007935989880934
22,RFO with EquiformerV2 AD Hessian,False,149,71.27848287200322
22,RFO with finite-difference Hessian,False,149,293.14083657000447
23,FIRE,True,47,1.374781393999001
23,RFO-BFGS,True,11,0.3647604610014241
23,RFO with HIP Hessian,True,5,0.4383674830023665
23,RFO with EquiformerV2 AD Hessian,False,149,71.42089366100845
23,RFO with finite-difference Hessian,False,149,292.8878928550112
24,FIRE,True,49,1.4979510370176286
24,RFO-BFGS,True,13,0.4432198389840778
24,RFO with HIP Hessian,True,4,0.3471870259963907
24,RFO with EquiformerV2 AD Hessian,False,149,71.23567863498465
24,RFO with finite-difference Hessian,False,149,292.41721118200803
25,FIRE,True,81,2.4101692819967866
25,RFO-BFGS,True,16,0.5597938419959974
25,RFO with HIP Hessian,True,4,0.3655319810059154
25,RFO with EquiformerV2 AD Hessian,False,149,71.44894478502101
25,RFO with finite-difference Hessian,False,149,291.8122311019979
26,FIRE,True,73,2.2060660260031
26,RFO-BFGS,True,17,0.556988204974914
26,RFO with HIP Hessian,True,10,0.8406119470018893
26,RFO with EquiformerV2 AD Hessian,False,149,71.29376419700566
26,RFO with finite-difference Hessian,False,149,292.69812452001497
27,FIRE,True,47,1.4197289590083528
27,RFO-BFGS,True,12,0.423715565004386
27,RFO with HIP Hessian,True,5,0.4307089110079687
27,RFO with EquiformerV2 AD Hessian,False,149,71.52039973402862
27,RFO with finite-difference Hessian,False,149,292.57903281701147
28,FIRE,True,80,2.4804812649963424
28,RFO-BFGS,True,22,0.7180129750049673
28,RFO with HIP Hessian,True,4,0.3655319810059154
28,RFO with EquiformerV2 AD Hessian,False,149,71.0782059210178
28,RFO with finite-difference Hessian,False,149,292.97770597200724
29,FIRE,True,71,2.378712728008395
29,RFO-BFGS,True,19,0.6887623539951164
29,RFO with HIP Hessian,True,3,0.2983966549800243
29,RFO with EquiformerV2 AD Hessian,True,5,2.795879009005148
29,RFO with finite-difference Hessian,True,4,9.718235962995095
30,FIRE,True,65,2.058970305020921
30,RFO-BFGS,True,16,0.5765194119885564
30,RFO with HIP Hessian,True,3,0.2925210669927764
30,RFO with EquiformerV2 AD Hessian,True,4,2.307734361005714
30,RFO with finite-difference Hessian,True,4,9.84474256899557
31,FIRE,True,89,2.805521361005958
31,RFO-BFGS,True,23,0.8064546470122878
31,RFO with HIP Hessian,True,4,0.3714381239842623
31,RFO with EquiformerV2 AD Hessian,True,4,2.3443852860073093
31,RFO with finite-difference Hessian,True,5,11.615860649006208
32,FIRE,True,96,2.9171367160161026
32,RFO-BFGS,True,18,0.6242938879877329
32,RFO with HIP Hessian,True,4,0.3815524769888725
32,RFO with EquiformerV2 AD Hessian,True,4,2.3620892349863425
32,RFO with finite-difference Hessian,True,4,9.705208995001158
33,FIRE,True,65,1.9923131529940288
33,RFO-BFGS,True,15,0.5483145170146599
33,RFO with HIP Hessian,True,3,0.3010890440200455
33,RFO with EquiformerV2 AD Hessian,True,4,2.355765258020256
33,RFO with finite-difference Hessian,True,4,9.722521685995162
34,FIRE,True,81,2.540437102987198
34,RFO-BFGS,True,17,0.6152028490032535
34,RFO with HIP Hessian,True,3,0.3024357509857509
34,RFO with EquiformerV2 AD Hessian,True,3,1.857207078981446
34,RFO with finite-difference Hessian,True,4,9.841851528006371
35,FIRE,True,89,2.803863212000578
35,RFO-BFGS,True,17,0.6114711510017514
35,RFO with HIP Hessian,True,2,0.2101279319904279
35,RFO with EquiformerV2 AD Hessian,True,3,1.83627831999911
35,RFO with finite-difference Hessian,True,3,7.810892495006556
36,FIRE,True,74,2.347770619002404
36,RFO-BFGS,True,16,0.5859418240142986
36,RFO with HIP Hessian,True,3,0.2889711740135681
36,RFO with EquiformerV2 AD Hessian,True,3,1.846628541010432
36,RFO with finite-difference Hessian,True,4,9.63502037798753
37,FIRE,True,96,3.016324958007317
37,RFO-BFGS,True,18,0.6432959499943536
37,RFO with HIP Hessian,True,4,0.377025767986197
37,RFO with EquiformerV2 AD Hessian,True,4,2.310351696010912
37,RFO with finite-difference Hessian,True,5,11.643983318004755
38,FIRE,True,91,2.8133192810055334
38,RFO-BFGS,True,23,0.785973065008875
38,RFO with HIP Hessian,True,3,0.303572393982904
38,RFO with EquiformerV2 AD Hessian,True,4,2.375128383981064
38,RFO with finite-difference Hessian,True,4,9.811644667992368
39,FIRE,True,53,1.6161244740069378
39,RFO-BFGS,True,23,0.7832282150047831
39,RFO with HIP Hessian,True,4,0.3855898329929914
39,RFO with EquiformerV2 AD Hessian,True,8,4.280318809003802
39,RFO with finite-difference Hessian,True,42,84.1329942800221
40,FIRE,True,70,2.350694022985408
40,RFO-BFGS,True,21,0.7544448730186559
40,RFO with HIP Hessian,True,4,0.3747323119896464
40,RFO with EquiformerV2 AD Hessian,True,30,14.658609067002544
40,RFO with finite-difference Hessian,False,149,293.6458764889976
41,FIRE,True,62,1.974968939990504
41,RFO-BFGS,True,16,0.5814388720027637
41,RFO with HIP Hessian,True,5,0.4507925760117359
41,RFO with EquiformerV2 AD Hessian,True,7,3.73832423298154
41,RFO with finite-difference Hessian,True,46,92.07569967000744
42,FIRE,True,58,1.827524544001789
42,RFO-BFGS,True,12,0.4336134029726963
42,RFO with HIP Hessian,True,4,0.3700087559991516
42,RFO with EquiformerV2 AD Hessian,True,24,11.848464456008514
42,RFO with finite-difference Hessian,True,67,133.2967395170126
43,FIRE,True,85,2.6243123119929805
43,RFO-BFGS,True,31,1.102337604999775
43,RFO with HIP Hessian,True,4,0.3864969419955741
43,RFO with EquiformerV2 AD Hessian,True,51,24.62188540698844
43,RFO with finite-difference Hessian,True,13,27.384309771994594
44,FIRE,True,74,2.283351557998685
44,RFO-BFGS,True,17,0.6199417369789444
44,RFO with HIP Hessian,True,3,0.2998990789928939
44,RFO with EquiformerV2 AD Hessian,True,21,10.445638019999024
44,RFO with finite-difference Hessian,True,57,113.32332624599805
45,FIRE,True,52,1.603410112002166
45,RFO-BFGS,True,19,0.652539317990886
45,RFO with HIP Hessian,True,3,0.3011935800022911
45,RFO with EquiformerV2 AD Hessian,True,5,2.8448941169772297
45,RFO with finite-difference Hessian,True,45,90.1210139740142
46,FIRE,True,60,1.9129552969825447
46,RFO-BFGS,True,12,0.5897115069965366
46,RFO with HIP Hessian,True,4,0.3710163899813778
46,RFO with EquiformerV2 AD Hessian,True,9,4.736041613999987
46,RFO with finite-difference Hessian,True,8,17.57302843799698
47,FIRE,True,80,2.626652794977417
47,RFO-BFGS,True,29,0.9692199760174844
47,RFO with HIP Hessian,True,3,0.2966262870177161
47,RFO with EquiformerV2 AD Hessian,True,4,2.3374670219782274
47,RFO with finite-difference Hessian,True,3,7.683616875001462
48,FIRE,True,73,2.2469404510047752
48,RFO-BFGS,True,16,0.5559991729969624
48,RFO with HIP Hessian,True,2,0.220012413978111
48,RFO with EquiformerV2 AD Hessian,True,3,1.903739444998792
48,RFO with finite-difference Hessian,True,4,9.736604361009086
49,FIRE,True,72,2.336631526995916
49,RFO-BFGS,True,14,0.4853326180018484
49,RFO with HIP Hessian,True,3,0.2990982650080696
49,RFO with EquiformerV2 AD Hessian,True,4,2.341748181002913
49,RFO with finite-difference Hessian,True,4,9.74245001701638
50,FIRE,True,60,1.8523979889869224
50,RFO-BFGS,True,11,0.4117829260067083
50,RFO with HIP Hessian,True,2,0.2153594370174687
50,RFO with EquiformerV2 AD Hessian,True,2,1.386977451009443
50,RFO with finite-difference Hessian,True,3,7.773875011014752
51,FIRE,True,67,2.0466081670019776
51,RFO-BFGS,True,28,0.9458678609807976
51,RFO with HIP Hessian,True,3,0.3031608989986125
51,RFO with EquiformerV2 AD Hessian,True,3,1.888905576983234
51,RFO with finite-difference Hessian,True,5,11.660385538998526
52,FIRE,True,91,2.8694600430026185
52,RFO-BFGS,True,29,1.0252029440016486
52,RFO with HIP Hessian,True,4,0.3725966610072646
52,RFO with EquiformerV2 AD Hessian,True,4,2.310838647012133
52,RFO with finite-difference Hessian,True,9,19.6487780129828
53,FIRE,True,81,2.5599311490077525
53,RFO-BFGS,True,16,0.558027963998029
53,RFO with HIP Hessian,True,3,0.2946416200138628
53,RFO with EquiformerV2 AD Hessian,True,4,2.33398521100753
53,RFO with finite-difference Hessian,True,4,9.804842340992764
54,FIRE,True,59,1.8149302270030605
54,RFO-BFGS,True,14,0.490058127004886
54,RFO with HIP Hessian,True,2,0.2174445620039478
54,RFO with EquiformerV2 AD Hessian,True,4,2.3621510739903897
54,RFO with finite-difference Hessian,True,4,9.742739625973629
55,FIRE,True,84,2.568114310997771
55,RFO-BFGS,True,17,0.6142444150173105
55,RFO with HIP Hessian,True,4,0.3815549690043553
55,RFO with EquiformerV2 AD Hessian,True,4,2.354301454004599
55,RFO with finite-difference Hessian,True,4,9.75601371700759
56,FIRE,True,87,2.75094519398408
56,RFO-BFGS,True,27,1.1013118679984473
56,RFO with HIP Hessian,True,3,0.2925757970078848
56,RFO with EquiformerV2 AD Hessian,True,4,2.3046492310240865
56,RFO with finite-difference Hessian,True,4,9.645939044014083
57,FIRE,True,60,1.8191242769826204
57,RFO-BFGS,True,21,0.6980310539947823
57,RFO with HIP Hessian,True,5,0.4285719959880225
57,RFO with EquiformerV2 AD Hessian,False,149,70.85542911797529
57,RFO with finite-difference Hessian,False,149,292.99431331199594
58,FIRE,True,54,1.643041584989987
58,RFO-BFGS,True,15,0.5057278810127173
58,RFO with HIP Hessian,True,3,0.2773915549914818
58,RFO with EquiformerV2 AD Hessian,False,149,70.5469412439852
58,RFO with finite-difference Hessian,False,149,292.77838133700425
59,FIRE,True,64,1.8651819920050912
59,RFO-BFGS,True,22,0.6968706650077365
59,RFO with HIP Hessian,True,10,0.8237691649992485
59,RFO with EquiformerV2 AD Hessian,False,149,71.06417729199165
59,RFO with finite-difference Hessian,False,149,293.85472555298475
60,FIRE,True,109,3.174249761010288
60,RFO-BFGS,True,25,0.818402476987103
60,RFO with HIP Hessian,True,4,0.3607094080070965
60,RFO with EquiformerV2 AD Hessian,False,149,71.13987714899122
60,RFO with finite-difference Hessian,False,149,293.6547054559924
61,FIRE,True,54,1.5786604229942895
61,RFO-BFGS,True,16,0.5294584039947949
61,RFO with HIP Hessian,True,12,0.9686925389978568
61,RFO with EquiformerV2 AD Hessian,False,149,70.98205232300097
61,RFO with finite-difference Hessian,False,149,293.13267042898224
62,FIRE,True,69,2.0036052329815
62,RFO-BFGS,True,16,0.514459132013144
62,RFO with HIP Hessian,True,12,0.976156210002955
62,RFO with EquiformerV2 AD Hessian,False,149,70.96863488800591
62,RFO with finite-difference Hessian,False,149,293.480124691996
63,FIRE,True,75,2.258291183010442
63,RFO-BFGS,True,18,0.5979390270076692
63,RFO with HIP Hessian,True,4,0.3655319810059154
63,RFO with EquiformerV2 AD Hessian,False,149,71.02476693398785
63,RFO with finite-difference Hessian,False,149,293.86124965400086
64,FIRE,True,51,1.4995755859999915
64,RFO-BFGS,True,11,0.3645653950225096
64,RFO with HIP Hessian,True,4,0.3610552060126792
64,RFO with EquiformerV2 AD Hessian,False,149,71.20301351000671
64,RFO with finite-difference Hessian,False,149,293.6431339400005
65,FIRE,True,96,2.9979187790013384
65,RFO-BFGS,True,41,1.367520151019562
65,RFO with HIP Hessian,True,5,0.4607698410109151
65,RFO with EquiformerV2 AD Hessian,True,4,2.3751585349964444
65,RFO with finite-difference Hessian,True,9,19.591576442006044
66,FIRE,True,103,3.1038556410057936
66,RFO-BFGS,True,36,1.1947683239995968
66,RFO with HIP Hessian,True,6,0.545439208013704
66,RFO with EquiformerV2 AD Hessian,True,5,2.842008871986764
66,RFO with finite-difference Hessian,True,20,41.01150369600509
67,FIRE,True,76,2.493150357011473
67,RFO-BFGS,True,36,1.2335125399986282
67,RFO with HIP Hessian,True,7,0.6149362240103073
67,RFO with EquiformerV2 AD Hessian,True,4,2.3092608689912595
67,RFO with finite-difference Hessian,True,38,76.35176158399554
68,FIRE,True,88,2.666997335996712
68,RFO-BFGS,True,35,1.1826875109982211
68,RFO with HIP Hessian,True,6,0.5430836360028479
68,RFO with EquiformerV2 AD Hessian,True,6,3.2944122240005527
68,RFO with finite-difference Hessian,True,22,44.82489512601751
69,FIRE,True,99,2.975299684010679
69,RFO-BFGS,True,42,1.382795523997629
69,RFO with HIP Hessian,True,6,0.5386118830065243
69,RFO with EquiformerV2 AD Hessian,True,6,3.275965059990994
69,RFO with finite-difference Hessian,True,4,9.731702476012288
70,FIRE,True,75,2.3576064629887696
70,RFO-BFGS,True,15,0.5385601799935102
70,RFO with HIP Hessian,True,2,0.2111061580071691
70,RFO with EquiformerV2 AD Hessian,True,3,1.8384135640226305
70,RFO with finite-difference Hessian,True,5,11.858196409011724
71,FIRE,True,66,2.0687591210007668
71,RFO-BFGS,True,16,0.5550408199778758
71,RFO with HIP Hessian,True,3,0.2986873609770555
71,RFO with EquiformerV2 AD Hessian,True,5,2.830242845986504
71,RFO with finite-difference Hessian,True,7,15.572398731019348
72,FIRE,True,93,2.902566866017878
72,RFO-BFGS,True,24,0.8256534139800351
72,RFO with HIP Hessian,True,3,0.2869195719831623
72,RFO with EquiformerV2 AD Hessian,True,4,2.3416171229910105
72,RFO with finite-difference Hessian,True,5,11.65336625801865
73,FIRE,True,73,2.216169944003923
73,RFO-BFGS,True,13,0.4679950680001639
73,RFO with HIP Hessian,True,3,0.2993927090137731
73,RFO with EquiformerV2 AD Hessian,True,4,2.365928570972756
73,RFO with finite-difference Hessian,True,9,19.54575289599597
74,FIRE,True,59,1.833681639021961
74,RFO-BFGS,True,25,0.8754421469930094
74,RFO with HIP Hessian,True,3,0.2984446999907959
74,RFO with EquiformerV2 AD Hessian,True,3,1.841353516996605
74,RFO with finite-difference Hessian,True,12,25.42254210100509
75,FIRE,True,72,2.201835121988552
75,RFO-BFGS,True,16,0.5504511100007221
75,RFO with HIP Hessian,True,3,0.3012023929913994
75,RFO with EquiformerV2 AD Hessian,True,3,1.886997311987216
75,RFO with finite-difference Hessian,True,11,23.571180887025548
76,FIRE,True,75,2.3593111489899457
76,RFO-BFGS,True,16,0.5721014940063469
76,RFO with HIP Hessian,True,3,0.2900454339978751
76,RFO with EquiformerV2 AD Hessian,True,4,2.3343168120190967
76,RFO with finite-difference Hessian,True,5,11.814939670002786
77,FIRE,True,76,2.310405174997868
77,RFO-BFGS,True,17,0.5821751829935238
77,RFO with HIP Hessian,True,3,0.2972281030088197
77,RFO with EquiformerV2 AD Hessian,True,4,2.3512561160023324
77,RFO with finite-difference Hessian,True,12,25.56885793400579
78,FIRE,True,61,1.8487036919977984
78,RFO-BFGS,True,14,0.4619305560190696
78,RFO with HIP Hessian,True,4,0.3655319810059154
78,RFO with EquiformerV2 AD Hessian,False,149,71.55047015397577
78,RFO with finite-difference Hessian,False,149,294.737809578015
79,FIRE,True,47,1.450214323005639
79,RFO-BFGS,True,14,0.465004797995789
79,RFO with HIP Hessian,False,4,0.3655319810059154
79,RFO with EquiformerV2 AD Hessian,False,149,71.51123380599893
79,RFO with finite-difference Hessian,False,149,293.70492558399565
