number_of_atoms,method,replicate_index,time_seconds,peak_memory_gigabytes
5,EquiformerV2 finite differences,1,0.682431396484375,0.09358592
5,EquiformerV2 finite differences,2,0.6751055297851563,0.09358592
5,EquiformerV2 finite differences,3,0.67736376953125,0.09358592
5,EquiformerV2 finite differences,4,0.6752460327148437,0.09358592
5,EquiformerV2 finite differences,5,0.6762813720703125,0.09358592
5,EquiformerV2 finite differences,6,0.678211669921875,0.09358592
5,EquiformerV2 finite differences,7,0.6774374389648438,0.09358592
5,EquiformerV2 finite differences,8,0.677407470703125,0.09358592
5,EquiformerV2 finite differences,9,0.6808319702148438,0.09358592
5,EquiformerV2 finite differences,10,0.6793674926757812,0.09358592
5,EquiformerV2 forward pass,1,0.02207222366333008,0.09356544
5,EquiformerV2 forward pass,2,0.022567808151245122,0.09356544
5,EquiformerV2 forward pass,3,0.0222256965637207,0.09356544
5,EquiformerV2 forward pass,4,0.022049760818481444,0.09356544
5,EquiformerV2 forward pass,5,0.0222061767578125,0.09356544
5,EquiformerV2 forward pass,6,0.022367231369018553,0.09356544
5,EquiformerV2 forward pass,7,0.022748159408569335,0.09356544
5,EquiformerV2 forward pass,8,0.022462688446044918,0.09356544
5,EquiformerV2 forward pass,9,0.022361919403076167,0.09356544
5,EquiformerV2 forward pass,10,0.02256608009338379,0.09356544
5,HIP,1,0.03196108818054199,0.093727744
5,HIP,2,0.031351808547973634,0.093727744
5,HIP,3,0.03139481544494629,0.093727744
5,HIP,4,0.03145427131652832,0.093727744
5,HIP,5,0.03159756851196289,0.093727744
5,HIP,6,0.031898624420166014,0.093727744
5,HIP,7,0.03215359878540039,0.093727744
5,HIP,8,0.03223529434204102,0.093727744
5,HIP,9,0.03171123123168945,0.093727744
5,HIP,10,0.03133465576171875,0.093727744
5,EquiformerV2 AD (direct force),1,0.19238394165039066,0.16120320000000002
5,EquiformerV2 AD (direct force),2,0.1911325836181641,0.16120320000000002
5,EquiformerV2 AD (direct force),3,0.19175648498535158,0.16120320000000002
5,EquiformerV2 AD (direct force),4,0.19242086791992188,0.16120320000000002
5,EquiformerV2 AD (direct force),5,0.19242413330078126,0.16120320000000002
5,EquiformerV2 AD (direct force),6,0.1918975982666016,0.16120320000000002
5,EquiformerV2 AD (direct force),7,0.1917573089599609,0.16120320000000002
5,EquiformerV2 AD (direct force),8,0.19048316955566408,0.16120320000000002
5,EquiformerV2 AD (direct force),9,0.19073843383789066,0.16120320000000002
5,EquiformerV2 AD (direct force),10,0.19482112121582032,0.16120320000000002
5,EquiformerV2 AD (conservative force),1,0.4431175537109375,0.272534016
5,EquiformerV2 AD (conservative force),2,0.44430142211914064,0.272534016
5,EquiformerV2 AD (conservative force),3,0.4434964599609375,0.272534016
5,EquiformerV2 AD (conservative force),4,0.4444404602050781,0.272534016
5,EquiformerV2 AD (conservative force),5,0.44402685546875,0.272534016
5,EquiformerV2 AD (conservative force),6,0.44554443359375,0.272534016
5,EquiformerV2 AD (conservative force),7,0.44485140991210936,0.272534016
5,EquiformerV2 AD (conservative force),8,0.4495574951171875,0.272534016
5,EquiformerV2 AD (conservative force),9,0.44402001953125,0.272534016
5,EquiformerV2 AD (conservative force),10,0.4442540283203125,0.272534016
6,EquiformerV2 finite differences,1,0.8118855590820313,0.104930304
6,EquiformerV2 finite differences,2,0.8170762329101563,0.104930304
6,EquiformerV2 finite differences,3,0.8101215209960938,0.104930304
6,EquiformerV2 finite differences,4,0.8079298706054687,0.104930304
6,EquiformerV2 finite differences,5,0.805017578125,0.104930304
6,EquiformerV2 finite differences,6,0.8071925048828125,0.104930304
6,EquiformerV2 finite differences,7,0.8068773803710938,0.104930304
6,EquiformerV2 finite differences,8,0.8075325317382812,0.104930304
6,EquiformerV2 finite differences,9,0.8098856811523437,0.104930304
6,EquiformerV2 finite differences,10,0.8067625122070312,0.104930304
6,EquiformerV2 forward pass,1,0.02223004722595215,0.10490675199999999
6,EquiformerV2 forward pass,2,0.022548479080200197,0.10490675199999999
6,EquiformerV2 forward pass,3,0.022184959411621095,0.10490675199999999
6,EquiformerV2 forward pass,4,0.022166528701782227,0.10490675199999999
6,EquiformerV2 forward pass,5,0.021805248260498046,0.10490675199999999
6,EquiformerV2 forward pass,6,0.02226313591003418,0.10490675199999999
6,EquiformerV2 forward pass,7,0.02237475204467773,0.10490675199999999
6,EquiformerV2 forward pass,8,0.021942111968994142,0.10490675199999999
6,EquiformerV2 forward pass,9,0.02204774475097656,0.10490675199999999
6,EquiformerV2 forward pass,10,0.02224844741821289,0.10490675199999999
6,HIP,1,0.03166425514221192,0.105043968
6,HIP,2,0.03237753677368164,0.105043968
6,HIP,3,0.03245904159545898,0.105043968
6,HIP,4,0.031643360137939454,0.105043968
6,HIP,5,0.031457183837890625,0.105043968
6,HIP,6,0.031607967376708984,0.105043968
6,HIP,7,0.03993600082397461,0.105043968
6,HIP,8,0.040795135498046885,0.105043968
6,HIP,9,0.038724609375,0.105043968
6,HIP,10,0.034345664978027345,0.105043968
6,EquiformerV2 AD (direct force),1,0.2263203887939453,0.17669888
6,EquiformerV2 AD (direct force),2,0.2266491851806641,0.17669888
6,EquiformerV2 AD (direct force),3,0.2264935607910156,0.17669888
6,EquiformerV2 AD (direct force),4,0.22704537963867188,0.17669888
6,EquiformerV2 AD (direct force),5,0.22678016662597655,0.17669888
6,EquiformerV2 AD (direct force),6,0.22651084899902343,0.17669888
6,EquiformerV2 AD (direct force),7,0.22527273559570313,0.17669888
6,EquiformerV2 AD (direct force),8,0.2249810943603516,0.17669888
6,EquiformerV2 AD (direct force),9,0.22946917724609373,0.17669888
6,EquiformerV2 AD (direct force),10,0.22604698181152344,0.17669888
6,EquiformerV2 AD (conservative force),1,0.5287894897460937,0.324824576
6,EquiformerV2 AD (conservative force),2,0.5302671508789063,0.324824576
6,EquiformerV2 AD (conservative force),3,0.5283471069335938,0.324824576
6,EquiformerV2 AD (conservative force),4,0.5324349365234375,0.324824576
6,EquiformerV2 AD (conservative force),5,0.5271009521484376,0.324824576
6,EquiformerV2 AD (conservative force),6,0.5287734985351562,0.324824576
6,EquiformerV2 AD (conservative force),7,0.5273815307617188,0.324824576
6,EquiformerV2 AD (conservative force),8,0.5274456787109375,0.324824576
6,EquiformerV2 AD (conservative force),9,0.52613916015625,0.324824576
6,EquiformerV2 AD (conservative force),10,0.5288949584960938,0.324824576
7,EquiformerV2 finite differences,1,0.9499758911132813,0.108391936
7,EquiformerV2 finite differences,2,0.9613939208984376,0.108391936
7,EquiformerV2 finite differences,3,0.9519022216796876,0.108391936
7,EquiformerV2 finite differences,4,0.9567588500976563,0.108391936
7,EquiformerV2 finite differences,5,0.9541375732421876,0.108391936
7,EquiformerV2 finite differences,6,0.949738525390625,0.108391936
7,EquiformerV2 finite differences,7,0.9498012084960937,0.108391936
7,EquiformerV2 finite differences,8,0.949517333984375,0.108391936
7,EquiformerV2 finite differences,9,0.9501542358398437,0.108391936
7,EquiformerV2 finite differences,10,0.9543390502929687,0.108391936
7,EquiformerV2 forward pass,1,0.022843423843383788,0.108365312
7,EquiformerV2 forward pass,2,0.02251910400390625,0.108365312
7,EquiformerV2 forward pass,3,0.022602752685546876,0.108365312
7,EquiformerV2 forward pass,4,0.02244812774658203,0.108365312
7,EquiformerV2 forward pass,5,0.022764543533325195,0.108365312
7,EquiformerV2 forward pass,6,0.022320415496826167,0.108365312
7,EquiformerV2 forward pass,7,0.022491008758544918,0.108365312
7,EquiformerV2 forward pass,8,0.022372575759887693,0.108365312
7,EquiformerV2 forward pass,9,0.022792192459106447,0.108365312
7,EquiformerV2 forward pass,10,0.022448383331298827,0.108365312
7,HIP,1,0.031703039169311525,0.108542976
7,HIP,2,0.03198259162902832,0.108542976
7,HIP,3,0.03192422485351563,0.108542976
7,HIP,4,0.031528959274291994,0.108542976
7,HIP,5,0.031788063049316403,0.108542976
7,HIP,6,0.031591424942016604,0.108542976
7,HIP,7,0.03184832000732422,0.108542976
7,HIP,8,0.03173990440368652,0.108542976
7,HIP,9,0.03183510398864746,0.108542976
7,HIP,10,0.03206035232543945,0.108542976
7,EquiformerV2 AD (direct force),1,0.25669528198242186,0.194873344
7,EquiformerV2 AD (direct force),2,0.25670639038085935,0.194873344
7,EquiformerV2 AD (direct force),3,0.25659512329101564,0.194873344
7,EquiformerV2 AD (direct force),4,0.25652633666992186,0.194873344
7,EquiformerV2 AD (direct force),5,0.26075851440429687,0.194873344
7,EquiformerV2 AD (direct force),6,0.25929214477539064,0.194873344
7,EquiformerV2 AD (direct force),7,0.256900390625,0.194873344
7,EquiformerV2 AD (direct force),8,0.2568296203613281,0.194873344
7,EquiformerV2 AD (direct force),9,0.2583326721191406,0.194873344
7,EquiformerV2 AD (direct force),10,0.2577253112792969,0.194873344
7,EquiformerV2 AD (conservative force),1,0.6007306518554687,0.3853824
7,EquiformerV2 AD (conservative force),2,0.6022759399414063,0.3853824
7,EquiformerV2 AD (conservative force),3,0.600268798828125,0.3853824
7,EquiformerV2 AD (conservative force),4,0.6229248046875,0.3853824
7,EquiformerV2 AD (conservative force),5,0.6037708740234375,0.3853824
7,EquiformerV2 AD (conservative force),6,0.602144775390625,0.3853824
7,EquiformerV2 AD (conservative force),7,0.6018457641601562,0.3853824
7,EquiformerV2 AD (conservative force),8,0.6033967895507812,0.3853824
7,EquiformerV2 AD (conservative force),9,0.6034901733398438,0.3853824
7,EquiformerV2 AD (conservative force),10,0.6007288818359375,0.3853824
8,EquiformerV2 finite differences,1,1.090192138671875,0.11114086399999999
8,EquiformerV2 finite differences,2,1.087504638671875,0.11114086399999999
8,EquiformerV2 finite differences,3,1.092341796875,0.11114086399999999
8,EquiformerV2 finite differences,4,1.0875106201171876,0.11114086399999999
8,EquiformerV2 finite differences,5,1.086413818359375,0.11114086399999999
8,EquiformerV2 finite differences,6,1.2015635986328126,0.11114086399999999
8,EquiformerV2 finite differences,7,1.096243896484375,0.11114086399999999
8,EquiformerV2 finite differences,8,1.0807982177734374,0.11114086399999999
8,EquiformerV2 finite differences,9,1.0821888427734374,0.11114086399999999
8,EquiformerV2 finite differences,10,1.0799647216796875,0.11114086399999999
8,EquiformerV2 forward pass,1,0.02396057510375977,0.11111116800000001
8,EquiformerV2 forward pass,2,0.02437014389038086,0.11111116800000001
8,EquiformerV2 forward pass,3,0.02411622428894043,0.11111116800000001
8,EquiformerV2 forward pass,4,0.02340675163269043,0.11111116800000001
8,EquiformerV2 forward pass,5,0.02395443153381348,0.11111116800000001
8,EquiformerV2 forward pass,6,0.024622783660888672,0.11111116800000001
8,EquiformerV2 forward pass,7,0.02395136070251465,0.11111116800000001
8,EquiformerV2 forward pass,8,0.02408448028564453,0.11111116800000001
8,EquiformerV2 forward pass,9,0.023841791152954102,0.11111116800000001
8,EquiformerV2 forward pass,10,0.02398924827575684,0.11111116800000001
8,HIP,1,0.0334919662475586,0.111337472
8,HIP,2,0.03315302276611328,0.111337472
8,HIP,3,0.03450675201416016,0.111337472
8,HIP,4,0.0321976318359375,0.111337472
8,HIP,5,0.03128832054138184,0.111337472
8,HIP,6,0.03215769577026367,0.111337472
8,HIP,7,0.03154867172241211,0.111337472
8,HIP,8,0.03248230361938476,0.111337472
8,HIP,9,0.032088863372802735,0.111337472
8,HIP,10,0.03189248085021973,0.111337472
8,EquiformerV2 AD (direct force),1,0.2902722473144531,0.214047232
8,EquiformerV2 AD (direct force),2,0.29124200439453124,0.214047232
8,EquiformerV2 AD (direct force),3,0.2908036804199219,0.214047232
8,EquiformerV2 AD (direct force),4,0.2915491943359375,0.214047232
8,EquiformerV2 AD (direct force),5,0.29084039306640624,0.214047232
8,EquiformerV2 AD (direct force),6,0.290635498046875,0.214047232
8,EquiformerV2 AD (direct force),7,0.2908702697753906,0.214047232
8,EquiformerV2 AD (direct force),8,0.2899916687011719,0.214047232
8,EquiformerV2 AD (direct force),9,0.29088650512695313,0.214047232
8,EquiformerV2 AD (direct force),10,0.29038052368164063,0.214047232
8,EquiformerV2 AD (conservative force),1,0.6861405029296875,0.453250048
8,EquiformerV2 AD (conservative force),2,0.6833346557617187,0.453250048
8,EquiformerV2 AD (conservative force),3,0.6835817260742187,0.453250048
8,EquiformerV2 AD (conservative force),4,0.6849074096679687,0.453250048
8,EquiformerV2 AD (conservative force),5,0.6852882690429688,0.453250048
8,EquiformerV2 AD (conservative force),6,0.6855936279296875,0.453250048
8,EquiformerV2 AD (conservative force),7,0.684458984375,0.453250048
8,EquiformerV2 AD (conservative force),8,0.6847987060546875,0.453250048
8,EquiformerV2 AD (conservative force),9,0.6847703247070313,0.453250048
8,EquiformerV2 AD (conservative force),10,0.7268720092773437,0.453250048
9,EquiformerV2 finite differences,1,1.25483935546875,0.116027904
9,EquiformerV2 finite differences,2,1.25599658203125,0.116027904
9,EquiformerV2 finite differences,3,1.25239501953125,0.116027904
9,EquiformerV2 finite differences,4,1.2509053955078124,0.116027904
9,EquiformerV2 finite differences,5,1.252852783203125,0.116027904
9,EquiformerV2 finite differences,6,1.3597962646484374,0.116027904
9,EquiformerV2 finite differences,7,1.2629012451171875,0.116027904
9,EquiformerV2 finite differences,8,1.2586871337890626,0.116027904
9,EquiformerV2 finite differences,9,1.255654541015625,0.116027904
9,EquiformerV2 finite differences,10,1.2561253662109375,0.116027904
9,EquiformerV2 forward pass,1,0.02303302383422852,0.115995136
9,EquiformerV2 forward pass,2,0.023001087188720702,0.115995136
9,EquiformerV2 forward pass,3,0.02303180885314941,0.115995136
9,EquiformerV2 forward pass,4,0.02277478408813477,0.115995136
9,EquiformerV2 forward pass,5,0.023219135284423827,0.115995136
9,EquiformerV2 forward pass,6,0.0232857608795166,0.115995136
9,EquiformerV2 forward pass,7,0.023127071380615233,0.115995136
9,EquiformerV2 forward pass,8,0.02290995216369629,0.115995136
9,EquiformerV2 forward pass,9,0.022796575546264648,0.115995136
9,EquiformerV2 forward pass,10,0.023086175918579102,0.115995136
9,HIP,1,0.03241676712036133,0.116274688
9,HIP,2,0.032355457305908206,0.116274688
9,HIP,3,0.032086368560791015,0.116274688
9,HIP,4,0.03257958221435547,0.116274688
9,HIP,5,0.03242393493652344,0.116274688
9,HIP,6,0.03210444641113281,0.116274688
9,HIP,7,0.03269833755493164,0.116274688
9,HIP,8,0.03256422424316406,0.116274688
9,HIP,9,0.032323360443115234,0.116274688
9,HIP,10,0.032304126739501955,0.116274688
9,EquiformerV2 AD (direct force),1,0.323989501953125,0.234648576
9,EquiformerV2 AD (direct force),2,0.327546875,0.234648576
9,EquiformerV2 AD (direct force),3,0.3260242004394531,0.234648576
9,EquiformerV2 AD (direct force),4,0.33206375122070314,0.234648576
9,EquiformerV2 AD (direct force),5,0.32733184814453126,0.234648576
9,EquiformerV2 AD (direct force),6,0.32523876953125,0.234648576
9,EquiformerV2 AD (direct force),7,0.3251586303710937,0.234648576
9,EquiformerV2 AD (direct force),8,0.3244800109863281,0.234648576
9,EquiformerV2 AD (direct force),9,0.32505322265625,0.234648576
9,EquiformerV2 AD (direct force),10,0.32611019897460936,0.234648576
9,EquiformerV2 AD (conservative force),1,0.7632783203125,0.522961408
9,EquiformerV2 AD (conservative force),2,0.764705810546875,0.522961408
9,EquiformerV2 AD (conservative force),3,0.7630264282226562,0.522961408
9,EquiformerV2 AD (conservative force),4,0.7990999755859375,0.522961408
9,EquiformerV2 AD (conservative force),5,0.9564825439453124,0.522961408
9,EquiformerV2 AD (conservative force),6,0.7672893676757813,0.522961408
9,EquiformerV2 AD (conservative force),7,0.7731650390625,0.522961408
9,EquiformerV2 AD (conservative force),8,0.7635773315429687,0.522961408
9,EquiformerV2 AD (conservative force),9,0.761354248046875,0.522961408
9,EquiformerV2 AD (conservative force),10,0.760920166015625,0.522961408
10,EquiformerV2 finite differences,1,1.4005821533203124,0.120804864
10,EquiformerV2 finite differences,2,1.4021622314453126,0.120804864
10,EquiformerV2 finite differences,3,1.40242333984375,0.120804864
10,EquiformerV2 finite differences,4,1.396682861328125,0.120804864
10,EquiformerV2 finite differences,5,1.3985965576171875,0.120804864
10,EquiformerV2 finite differences,6,1.402693603515625,0.120804864
10,EquiformerV2 finite differences,7,1.4023916015625,0.120804864
10,EquiformerV2 finite differences,8,1.40602783203125,0.120804864
10,EquiformerV2 finite differences,9,1.4043330078125,0.120804864
10,EquiformerV2 finite differences,10,1.406676025390625,0.120804864
10,EquiformerV2 forward pass,1,0.02325407981872558,0.120769024
10,EquiformerV2 forward pass,2,0.023269376754760745,0.120769024
10,EquiformerV2 forward pass,3,0.023000768661499024,0.120769024
10,EquiformerV2 forward pass,4,0.02316908836364746,0.120769024
10,EquiformerV2 forward pass,5,0.023567039489746092,0.120769024
10,EquiformerV2 forward pass,6,0.023087007522583008,0.120769024
10,EquiformerV2 forward pass,7,0.023167072296142576,0.120769024
10,EquiformerV2 forward pass,8,0.023743488311767574,0.120769024
10,EquiformerV2 forward pass,9,0.02366873550415039,0.120769024
10,EquiformerV2 forward pass,10,0.023006975173950197,0.120769024
10,HIP,1,0.03280252838134766,0.12110591999999999
10,HIP,2,0.03243180847167969,0.12110591999999999
10,HIP,3,0.0329246711730957,0.12110591999999999
10,HIP,4,0.03256707382202149,0.12110591999999999
10,HIP,5,0.03270553588867187,0.12110591999999999
10,HIP,6,0.032642047882080076,0.12110591999999999
10,HIP,7,0.03245670318603516,0.12110591999999999
10,HIP,8,0.03280998229980469,0.12110591999999999
10,HIP,9,0.03264409637451172,0.12110591999999999
10,HIP,10,0.03271958541870117,0.12110591999999999
10,EquiformerV2 AD (direct force),1,0.3580170288085937,0.261485568
10,EquiformerV2 AD (direct force),2,0.35752938842773435,0.261485568
10,EquiformerV2 AD (direct force),3,0.35782769775390627,0.261485568
10,EquiformerV2 AD (direct force),4,0.35904205322265625,0.261485568
10,EquiformerV2 AD (direct force),5,0.3566438293457031,0.261485568
10,EquiformerV2 AD (direct force),6,0.35718655395507815,0.261485568
10,EquiformerV2 AD (direct force),7,0.35702264404296874,0.261485568
10,EquiformerV2 AD (direct force),8,0.3586681213378906,0.261485568
10,EquiformerV2 AD (direct force),9,0.3575755615234375,0.261485568
10,EquiformerV2 AD (direct force),10,0.35853909301757814,0.261485568
10,EquiformerV2 AD (conservative force),1,0.8390603637695313,0.608968704
10,EquiformerV2 AD (conservative force),2,0.8414976196289062,0.608968704
10,EquiformerV2 AD (conservative force),3,0.8395936279296875,0.608968704
10,EquiformerV2 AD (conservative force),4,0.843194580078125,0.608968704
10,EquiformerV2 AD (conservative force),5,0.8425308227539062,0.608968704
10,EquiformerV2 AD (conservative force),6,0.8390264892578125,0.608968704
10,EquiformerV2 AD (conservative force),7,0.8402367553710938,0.608968704
10,EquiformerV2 AD (conservative force),8,0.842871826171875,0.608968704
10,EquiformerV2 AD (conservative force),9,0.8428946533203125,0.608968704
10,EquiformerV2 AD (conservative force),10,0.8472788696289062,0.608968704
11,EquiformerV2 finite differences,1,1.5510947265625,0.12455168
11,EquiformerV2 finite differences,2,1.5479681396484375,0.12455168
11,EquiformerV2 finite differences,3,1.54919921875,0.12455168
11,EquiformerV2 finite differences,4,1.55422021484375,0.12455168
11,EquiformerV2 finite differences,5,1.6523978271484374,0.12455168
11,EquiformerV2 finite differences,6,1.5285455322265624,0.12455168
11,EquiformerV2 finite differences,7,1.53906103515625,0.12455168
11,EquiformerV2 finite differences,8,1.542328369140625,0.12455168
11,EquiformerV2 finite differences,9,1.5520328369140626,0.12455168
11,EquiformerV2 finite differences,10,1.59569482421875,0.12455168
11,EquiformerV2 forward pass,1,0.023418880462646483,0.124512768
11,EquiformerV2 forward pass,2,0.023613727569580082,0.124512768
11,EquiformerV2 forward pass,3,0.0236943359375,0.124512768
11,EquiformerV2 forward pass,4,0.02338374328613281,0.124512768
11,EquiformerV2 forward pass,5,0.023376895904541017,0.124512768
11,EquiformerV2 forward pass,6,0.023413759231567383,0.124512768
11,EquiformerV2 forward pass,7,0.02350796890258789,0.124512768
11,EquiformerV2 forward pass,8,0.023395328521728518,0.124512768
11,EquiformerV2 forward pass,9,0.023529535293579103,0.124512768
11,EquiformerV2 forward pass,10,0.023373823165893554,0.124512768
11,HIP,1,0.03333087921142578,0.124913152
11,HIP,2,0.034254497528076175,0.124913152
11,HIP,3,0.03388102340698242,0.124913152
11,HIP,4,0.033181438446044924,0.124913152
11,HIP,5,0.03295846557617187,0.124913152
11,HIP,6,0.03339263916015625,0.124913152
11,HIP,7,0.033946720123291016,0.124913152
11,HIP,8,0.03289977645874023,0.124913152
11,HIP,9,0.032923328399658204,0.124913152
11,HIP,10,0.032952449798583985,0.124913152
11,EquiformerV2 AD (direct force),1,0.3906662292480469,0.286779904
11,EquiformerV2 AD (direct force),2,0.3905072326660156,0.286779904
11,EquiformerV2 AD (direct force),3,0.3916195983886719,0.286779904
11,EquiformerV2 AD (direct force),4,0.39105227661132813,0.286779904
11,EquiformerV2 AD (direct force),5,0.39159091186523437,0.286779904
11,EquiformerV2 AD (direct force),6,0.39110791015625,0.286779904
11,EquiformerV2 AD (direct force),7,0.392700927734375,0.286779904
11,EquiformerV2 AD (direct force),8,0.3907000427246094,0.286779904
11,EquiformerV2 AD (direct force),9,0.3941304321289063,0.286779904
11,EquiformerV2 AD (direct force),10,0.3921080322265625,0.286779904
11,EquiformerV2 AD (conservative force),1,0.9194692993164062,0.7065722879999999
11,EquiformerV2 AD (conservative force),2,0.9237579345703124,0.7065722879999999
11,EquiformerV2 AD (conservative force),3,0.91997412109375,0.7065722879999999
11,EquiformerV2 AD (conservative force),4,0.919334228515625,0.7065722879999999
11,EquiformerV2 AD (conservative force),5,0.9207418823242187,0.7065722879999999
11,EquiformerV2 AD (conservative force),6,0.9196614379882813,0.7065722879999999
11,EquiformerV2 AD (conservative force),7,0.9205862426757813,0.7065722879999999
11,EquiformerV2 AD (conservative force),8,0.9252392578125,0.7065722879999999
11,EquiformerV2 AD (conservative force),9,0.9215003662109376,0.7065722879999999
11,EquiformerV2 AD (conservative force),10,0.9252266845703124,0.7065722879999999
12,EquiformerV2 finite differences,1,1.7262237548828125,0.13001011199999998
12,EquiformerV2 finite differences,2,1.7310709228515626,0.13001011199999998
12,EquiformerV2 finite differences,3,1.7220198974609375,0.13001011199999998
12,EquiformerV2 finite differences,4,1.7208450927734376,0.13001011199999998
12,EquiformerV2 finite differences,5,1.72396337890625,0.13001011199999998
12,EquiformerV2 finite differences,6,1.7180966796875,0.13001011199999998
12,EquiformerV2 finite differences,7,1.72197509765625,0.13001011199999998
12,EquiformerV2 finite differences,8,1.726448486328125,0.13001011199999998
12,EquiformerV2 finite differences,9,1.7222584228515625,0.13001011199999998
12,EquiformerV2 finite differences,10,1.7256622314453125,0.13001011199999998
12,EquiformerV2 forward pass,1,0.023939071655273442,0.12996812800000002
12,EquiformerV2 forward pass,2,0.0237127685546875,0.12996812800000002
12,EquiformerV2 forward pass,3,0.0238210563659668,0.12996812800000002
12,EquiformerV2 forward pass,4,0.023765888214111328,0.12996812800000002
12,EquiformerV2 forward pass,5,0.02355891227722168,0.12996812800000002
12,EquiformerV2 forward pass,6,0.024154111862182616,0.12996812800000002
12,EquiformerV2 forward pass,7,0.023674560546875,0.12996812800000002
12,EquiformerV2 forward pass,8,0.02356211280822754,0.12996812800000002
12,EquiformerV2 forward pass,9,0.023812095642089845,0.12996812800000002
12,EquiformerV2 forward pass,10,0.023999296188354488,0.12996812800000002
12,HIP,1,0.03552057647705078,0.13043712
12,HIP,2,0.035312641143798826,0.13043712
12,HIP,3,0.0337336311340332,0.13043712
12,HIP,4,0.034285568237304685,0.13043712
12,HIP,5,0.033776927947998046,0.13043712
12,HIP,6,0.03371830368041992,0.13043712
12,HIP,7,0.03371820831298828,0.13043712
12,HIP,8,0.03338240051269531,0.13043712
12,HIP,9,0.03357593536376953,0.13043712
12,HIP,10,0.03399187088012695,0.13043712
12,EquiformerV2 AD (direct force),1,0.42184326171875,0.31819263999999997
12,EquiformerV2 AD (direct force),2,0.4235940551757813,0.31819263999999997
12,EquiformerV2 AD (direct force),3,0.4219630737304688,0.31819263999999997
12,EquiformerV2 AD (direct force),4,0.4239195556640625,0.31819263999999997
12,EquiformerV2 AD (direct force),5,0.42372598266601563,0.31819263999999997
12,EquiformerV2 AD (direct force),6,0.4228689880371094,0.31819263999999997
12,EquiformerV2 AD (direct force),7,0.4233617553710938,0.31819263999999997
12,EquiformerV2 AD (direct force),8,0.4285553894042969,0.31819263999999997
12,EquiformerV2 AD (direct force),9,0.4237875061035156,0.31819263999999997
12,EquiformerV2 AD (direct force),10,0.42222802734375,0.31819263999999997
12,EquiformerV2 AD (conservative force),1,1.0033582153320313,0.796663296
12,EquiformerV2 AD (conservative force),2,1.0031287231445312,0.796663296
12,EquiformerV2 AD (conservative force),3,1.00145654296875,0.796663296
12,EquiformerV2 AD (conservative force),4,1.000369140625,0.796663296
12,EquiformerV2 AD (conservative force),5,1.0023864135742186,0.796663296
12,EquiformerV2 AD (conservative force),6,1.00577880859375,0.796663296
12,EquiformerV2 AD (conservative force),7,1.0015784912109376,0.796663296
12,EquiformerV2 AD (conservative force),8,1.00153369140625,0.796663296
12,EquiformerV2 AD (conservative force),9,1.001776123046875,0.796663296
12,EquiformerV2 AD (conservative force),10,1.0023699951171876,0.796663296
13,EquiformerV2 finite differences,1,1.8906552734375,0.136713728
13,EquiformerV2 finite differences,2,1.8896751708984372,0.136713728
13,EquiformerV2 finite differences,3,1.8964093017578125,0.136713728
13,EquiformerV2 finite differences,4,1.895877685546875,0.136713728
13,EquiformerV2 finite differences,5,1.892533203125,0.136713728
13,EquiformerV2 finite differences,6,1.8930462646484372,0.136713728
13,EquiformerV2 finite differences,7,1.887958984375,0.136713728
13,EquiformerV2 finite differences,8,1.892201416015625,0.136713728
13,EquiformerV2 finite differences,9,1.885666259765625,0.136713728
13,EquiformerV2 finite differences,10,1.990065185546875,0.136713728
13,EquiformerV2 forward pass,1,0.023554048538208007,0.136668672
13,EquiformerV2 forward pass,2,0.024001407623291015,0.136668672
13,EquiformerV2 forward pass,3,0.02374553680419922,0.136668672
13,EquiformerV2 forward pass,4,0.023750560760498047,0.136668672
13,EquiformerV2 forward pass,5,0.02369228744506836,0.136668672
13,EquiformerV2 forward pass,6,0.023946239471435548,0.136668672
13,EquiformerV2 forward pass,7,0.02378137588500977,0.136668672
13,EquiformerV2 forward pass,8,0.023745567321777343,0.136668672
13,EquiformerV2 forward pass,9,0.023633920669555664,0.136668672
13,EquiformerV2 forward pass,10,0.02391142463684082,0.136668672
13,HIP,1,0.0339837760925293,0.13720934399999998
13,HIP,2,0.033468414306640625,0.13720934399999998
13,HIP,3,0.03352268981933594,0.13720934399999998
13,HIP,4,0.03355161666870117,0.13720934399999998
13,HIP,5,0.03377151870727539,0.13720934399999998
13,HIP,6,0.033453857421875,0.13720934399999998
13,HIP,7,0.03376025772094727,0.13720934399999998
13,HIP,8,0.034836383819580076,0.13720934399999998
13,HIP,9,0.034089054107666016,0.13720934399999998
13,HIP,10,0.03365094375610352,0.13720934399999998
13,EquiformerV2 AD (direct force),1,0.4555048828125,0.347784704
13,EquiformerV2 AD (direct force),2,0.45704595947265625,0.347784704
13,EquiformerV2 AD (direct force),3,0.4574798583984375,0.347784704
13,EquiformerV2 AD (direct force),4,0.4580208740234375,0.347784704
13,EquiformerV2 AD (direct force),5,0.45647564697265625,0.347784704
13,EquiformerV2 AD (direct force),6,0.4564643859863281,0.347784704
13,EquiformerV2 AD (direct force),7,0.4553154602050781,0.347784704
13,EquiformerV2 AD (direct force),8,0.4588390502929688,0.347784704
13,EquiformerV2 AD (direct force),9,0.45828076171875,0.347784704
13,EquiformerV2 AD (direct force),10,0.458296142578125,0.347784704
13,EquiformerV2 AD (conservative force),1,1.08944384765625,0.89239296
13,EquiformerV2 AD (conservative force),2,1.0831463623046875,0.89239296
13,EquiformerV2 AD (conservative force),3,1.08238525390625,0.89239296
13,EquiformerV2 AD (conservative force),4,1.0815916748046874,0.89239296
13,EquiformerV2 AD (conservative force),5,1.08170654296875,0.89239296
13,EquiformerV2 AD (conservative force),6,1.0852115478515625,0.89239296
13,EquiformerV2 AD (conservative force),7,1.083651123046875,0.89239296
13,EquiformerV2 AD (conservative force),8,1.0978734130859376,0.89239296
13,EquiformerV2 AD (conservative force),9,1.10202880859375,0.89239296
13,EquiformerV2 AD (conservative force),10,1.0903880615234376,0.89239296
14,EquiformerV2 finite differences,1,2.076262451171875,0.142823936
14,EquiformerV2 finite differences,2,2.087529541015625,0.142823936
14,EquiformerV2 finite differences,3,2.262638671875,0.142823936
14,EquiformerV2 finite differences,4,2.321914794921875,0.142823936
14,EquiformerV2 finite differences,5,2.088564697265625,0.142823936
14,EquiformerV2 finite differences,6,2.084580322265625,0.142823936
14,EquiformerV2 finite differences,7,2.094384033203125,0.142823936
14,EquiformerV2 finite differences,8,2.088072265625,0.142823936
14,EquiformerV2 finite differences,9,2.080099609375,0.142823936
14,EquiformerV2 finite differences,10,2.076580078125,0.142823936
14,EquiformerV2 forward pass,1,0.024641632080078125,0.142775808
14,EquiformerV2 forward pass,2,0.024757280349731445,0.142775808
14,EquiformerV2 forward pass,3,0.02481884765625,0.142775808
14,EquiformerV2 forward pass,4,0.02464431953430176,0.142775808
14,EquiformerV2 forward pass,5,0.02468016052246094,0.142775808
14,EquiformerV2 forward pass,6,0.025042943954467774,0.142775808
14,EquiformerV2 forward pass,7,0.024641536712646486,0.142775808
14,EquiformerV2 forward pass,8,0.02447769546508789,0.142775808
14,EquiformerV2 forward pass,9,0.024658943176269533,0.142775808
14,EquiformerV2 forward pass,10,0.024732576370239255,0.142775808
14,HIP,1,0.03655881500244141,0.143396352
14,HIP,2,0.03530217742919922,0.143396352
14,HIP,3,0.0351497917175293,0.143396352
14,HIP,4,0.03563315200805664,0.143396352
14,HIP,5,0.035366046905517576,0.143396352
14,HIP,6,0.034705184936523435,0.143396352
14,HIP,7,0.03528873443603516,0.143396352
14,HIP,8,0.03493548965454102,0.143396352
14,HIP,9,0.03527651214599609,0.143396352
14,HIP,10,0.035232608795166015,0.143396352
14,EquiformerV2 AD (direct force),1,0.5321195678710937,0.3810944
14,EquiformerV2 AD (direct force),2,0.5297991943359375,0.3810944
14,EquiformerV2 AD (direct force),3,0.5313453979492188,0.3810944
14,EquiformerV2 AD (direct force),4,0.4950341491699219,0.3810944
14,EquiformerV2 AD (direct force),5,0.5054277038574219,0.3810944
14,EquiformerV2 AD (direct force),6,0.5087383117675781,0.3810944
14,EquiformerV2 AD (direct force),7,0.4822314453125,0.3810944
14,EquiformerV2 AD (direct force),8,0.48164556884765625,0.3810944
14,EquiformerV2 AD (direct force),9,0.48255899047851564,0.3810944
14,EquiformerV2 AD (direct force),10,0.48296743774414064,0.3810944
14,EquiformerV2 AD (conservative force),1,1.261033447265625,1.006601728
14,EquiformerV2 AD (conservative force),2,1.26154833984375,1.006601728
14,EquiformerV2 AD (conservative force),3,1.261465576171875,1.006601728
14,EquiformerV2 AD (conservative force),4,1.2617686767578125,1.006601728
14,EquiformerV2 AD (conservative force),5,1.2620810546875,1.006601728
14,EquiformerV2 AD (conservative force),6,1.2634521484375,1.006601728
14,EquiformerV2 AD (conservative force),7,1.2614349365234374,1.006601728
14,EquiformerV2 AD (conservative force),8,1.2650135498046875,1.006601728
14,EquiformerV2 AD (conservative force),9,1.2664022216796875,1.006601728
14,EquiformerV2 AD (conservative force),10,1.263804443359375,1.006601728
15,EquiformerV2 finite differences,1,2.243583984375,0.14940211199999998
15,EquiformerV2 finite differences,2,2.243529052734375,0.14940211199999998
15,EquiformerV2 finite differences,3,2.24373046875,0.14940211199999998
15,EquiformerV2 finite differences,4,2.239550537109375,0.14940211199999998
15,EquiformerV2 finite differences,5,2.24164453125,0.14940211199999998
15,EquiformerV2 finite differences,6,2.2324296875,0.14940211199999998
15,EquiformerV2 finite differences,7,2.2315458984375,0.14940211199999998
15,EquiformerV2 finite differences,8,2.237339599609375,0.14940211199999998
15,EquiformerV2 finite differences,9,2.23188623046875,0.14940211199999998
15,EquiformerV2 finite differences,10,2.230373046875,0.14940211199999998
15,EquiformerV2 forward pass,1,0.02439139175415039,0.149350912
15,EquiformerV2 forward pass,2,0.024407936096191407,0.149350912
15,EquiformerV2 forward pass,3,0.024430591583251955,0.149350912
15,EquiformerV2 forward pass,4,0.024250368118286132,0.149350912
15,EquiformerV2 forward pass,5,0.02440380859375,0.149350912
15,EquiformerV2 forward pass,6,0.02467737579345703,0.149350912
15,EquiformerV2 forward pass,7,0.024226112365722655,0.149350912
15,EquiformerV2 forward pass,8,0.02413465690612793,0.149350912
15,EquiformerV2 forward pass,9,0.024453216552734372,0.149350912
15,EquiformerV2 forward pass,10,0.02475200080871582,0.149350912
15,HIP,1,0.0345404167175293,0.150055936
15,HIP,2,0.03408486557006836,0.150055936
15,HIP,3,0.034334720611572264,0.150055936
15,HIP,4,0.03462521743774414,0.150055936
15,HIP,5,0.03430227279663086,0.150055936
15,HIP,6,0.03426201629638672,0.150055936
15,HIP,7,0.03474227142333984,0.150055936
15,HIP,8,0.03457331085205078,0.150055936
15,HIP,9,0.03446579360961914,0.150055936
15,HIP,10,0.03456819152832031,0.150055936
15,EquiformerV2 AD (direct force),1,0.5525210571289062,0.422380032
15,EquiformerV2 AD (direct force),2,0.5543843994140625,0.422380032
15,EquiformerV2 AD (direct force),3,0.5498593139648438,0.422380032
15,EquiformerV2 AD (direct force),4,0.5494599609375,0.422380032
15,EquiformerV2 AD (direct force),5,0.5611611938476563,0.422380032
15,EquiformerV2 AD (direct force),6,0.5495429077148437,0.422380032
15,EquiformerV2 AD (direct force),7,0.5509784545898437,0.422380032
15,EquiformerV2 AD (direct force),8,0.551531494140625,0.422380032
15,EquiformerV2 AD (direct force),9,0.5667747802734375,0.422380032
15,EquiformerV2 AD (direct force),10,0.5610537109375,0.422380032
15,EquiformerV2 AD (conservative force),1,1.4574100341796874,1.126057472
15,EquiformerV2 AD (conservative force),2,1.452506103515625,1.126057472
15,EquiformerV2 AD (conservative force),3,1.4565662841796876,1.126057472
15,EquiformerV2 AD (conservative force),4,1.45683349609375,1.126057472
15,EquiformerV2 AD (conservative force),5,1.457575927734375,1.126057472
15,EquiformerV2 AD (conservative force),6,1.457095458984375,1.126057472
15,EquiformerV2 AD (conservative force),7,1.456975830078125,1.126057472
15,EquiformerV2 AD (conservative force),8,1.4570341796875,1.126057472
15,EquiformerV2 AD (conservative force),9,1.455309814453125,1.126057472
15,EquiformerV2 AD (conservative force),10,1.45681298828125,1.126057472
16,EquiformerV2 finite differences,1,2.4458935546875,0.157183488
16,EquiformerV2 finite differences,2,2.447675537109375,0.157183488
16,EquiformerV2 finite differences,3,2.440824951171875,0.157183488
16,EquiformerV2 finite differences,4,2.438465576171875,0.157183488
16,EquiformerV2 finite differences,5,2.426417236328125,0.157183488
16,EquiformerV2 finite differences,6,2.425977783203125,0.157183488
16,EquiformerV2 finite differences,7,2.42092236328125,0.157183488
16,EquiformerV2 finite differences,8,2.41940234375,0.157183488
16,EquiformerV2 finite differences,9,2.425045166015625,0.157183488
16,EquiformerV2 finite differences,10,2.42254052734375,0.157183488
16,EquiformerV2 forward pass,1,0.025172992706298827,0.15712921600000002
16,EquiformerV2 forward pass,2,0.025396991729736328,0.15712921600000002
16,EquiformerV2 forward pass,3,0.0250533447265625,0.15712921600000002
16,EquiformerV2 forward pass,4,0.02507366371154785,0.15712921600000002
16,EquiformerV2 forward pass,5,0.025497600555419917,0.15712921600000002
16,EquiformerV2 forward pass,6,0.025534368515014647,0.15712921600000002
16,EquiformerV2 forward pass,7,0.025370624542236327,0.15712921600000002
16,EquiformerV2 forward pass,8,0.025233312606811522,0.15712921600000002
16,EquiformerV2 forward pass,9,0.025177791595458986,0.15712921600000002
16,EquiformerV2 forward pass,10,0.02508083152770996,0.15712921600000002
16,HIP,1,0.03602556610107422,0.157923328
16,HIP,2,0.03544771194458008,0.157923328
16,HIP,3,0.0355860481262207,0.157923328
16,HIP,4,0.035918880462646484,0.157923328
16,HIP,5,0.035375423431396484,0.157923328
16,HIP,6,0.035929088592529294,0.157923328
16,HIP,7,0.03614438247680664,0.157923328
16,HIP,8,0.035388416290283206,0.157923328
16,HIP,9,0.035260414123535165,0.157923328
16,HIP,10,0.03563616180419922,0.157923328
16,EquiformerV2 AD (direct force),1,0.6325606689453125,0.459092992
16,EquiformerV2 AD (direct force),2,0.6321182861328125,0.459092992
16,EquiformerV2 AD (direct force),3,0.6331504516601563,0.459092992
16,EquiformerV2 AD (direct force),4,0.6328922119140625,0.459092992
16,EquiformerV2 AD (direct force),5,0.6330490112304688,0.459092992
16,EquiformerV2 AD (direct force),6,0.6335682373046875,0.459092992
16,EquiformerV2 AD (direct force),7,0.6275829467773437,0.459092992
16,EquiformerV2 AD (direct force),8,0.6330664672851563,0.459092992
16,EquiformerV2 AD (direct force),9,0.6340178833007812,0.459092992
16,EquiformerV2 AD (direct force),10,0.6332762451171875,0.459092992
16,EquiformerV2 AD (conservative force),1,1.6854547119140626,1.249467904
16,EquiformerV2 AD (conservative force),2,1.6860098876953125,1.249467904
16,EquiformerV2 AD (conservative force),3,1.6844482421875,1.249467904
16,EquiformerV2 AD (conservative force),4,1.68521630859375,1.249467904
16,EquiformerV2 AD (conservative force),5,1.6858756103515624,1.249467904
16,EquiformerV2 AD (conservative force),6,1.686109130859375,1.249467904
16,EquiformerV2 AD (conservative force),7,1.6857664794921876,1.249467904
16,EquiformerV2 AD (conservative force),8,1.685244873046875,1.249467904
16,EquiformerV2 AD (conservative force),9,1.6845810546875,1.249467904
16,EquiformerV2 AD (conservative force),10,1.6856973876953125,1.249467904
17,EquiformerV2 finite differences,1,2.661928955078125,0.166550016
17,EquiformerV2 finite differences,2,2.7525458984375,0.166550016
17,EquiformerV2 finite differences,3,2.667749267578125,0.166550016
17,EquiformerV2 finite differences,4,2.656927734375,0.166550016
17,EquiformerV2 finite differences,5,2.65607275390625,0.166550016
17,EquiformerV2 finite differences,6,2.658714599609375,0.166550016
17,EquiformerV2 finite differences,7,2.66081689453125,0.166550016
17,EquiformerV2 finite differences,8,2.77113525390625,0.166550016
17,EquiformerV2 finite differences,9,2.631161865234375,0.166550016
17,EquiformerV2 finite differences,10,2.637595703125,0.166550016
17,EquiformerV2 forward pass,1,0.025441984176635745,0.166492672
17,EquiformerV2 forward pass,2,0.025574399948120122,0.166492672
17,EquiformerV2 forward pass,3,0.025487552642822264,0.166492672
17,EquiformerV2 forward pass,4,0.025826303482055665,0.166492672
17,EquiformerV2 forward pass,5,0.02534092712402344,0.166492672
17,EquiformerV2 forward pass,6,0.025684991836547853,0.166492672
17,EquiformerV2 forward pass,7,0.025624576568603518,0.166492672
17,EquiformerV2 forward pass,8,0.025846591949462892,0.166492672
17,EquiformerV2 forward pass,9,0.025811967849731447,0.166492672
17,EquiformerV2 forward pass,10,0.02575359916687012,0.166492672
17,HIP,1,0.036152320861816405,0.167384064
17,HIP,2,0.036275199890136715,0.167384064
17,HIP,3,0.03607551956176758,0.167384064
17,HIP,4,0.03594649505615234,0.167384064
17,HIP,5,0.03621478271484375,0.167384064
17,HIP,6,0.03636838531494141,0.167384064
17,HIP,7,0.036190208435058595,0.167384064
17,HIP,8,0.036072193145751955,0.167384064
17,HIP,9,0.036197662353515625,0.167384064
17,HIP,10,0.03612364959716797,0.167384064
17,EquiformerV2 AD (direct force),1,0.7386326904296875,0.49614950399999996
17,EquiformerV2 AD (direct force),2,0.7384381713867187,0.49614950399999996
17,EquiformerV2 AD (direct force),3,0.7377234497070313,0.49614950399999996
17,EquiformerV2 AD (direct force),4,0.7382067260742188,0.49614950399999996
17,EquiformerV2 AD (direct force),5,0.7384297485351563,0.49614950399999996
17,EquiformerV2 AD (direct force),6,0.7386286010742188,0.49614950399999996
17,EquiformerV2 AD (direct force),7,0.737891357421875,0.49614950399999996
17,EquiformerV2 AD (direct force),8,0.7388078002929688,0.49614950399999996
17,EquiformerV2 AD (direct force),9,0.7391590576171875,0.49614950399999996
17,EquiformerV2 AD (direct force),10,0.7387153930664062,0.49614950399999996
17,EquiformerV2 AD (conservative force),1,1.9527802734375,1.389249024
17,EquiformerV2 AD (conservative force),2,1.9532420654296876,1.389249024
17,EquiformerV2 AD (conservative force),3,1.953448974609375,1.389249024
17,EquiformerV2 AD (conservative force),4,1.95359228515625,1.389249024
17,EquiformerV2 AD (conservative force),5,1.9534315185546876,1.389249024
17,EquiformerV2 AD (conservative force),6,1.953244140625,1.389249024
17,EquiformerV2 AD (conservative force),7,1.953387451171875,1.389249024
17,EquiformerV2 AD (conservative force),8,1.953623046875,1.389249024
17,EquiformerV2 AD (conservative force),9,1.95406640625,1.389249024
17,EquiformerV2 AD (conservative force),10,1.9532769775390626,1.389249024
18,EquiformerV2 finite differences,1,2.863877197265625,0.17340876800000002
18,EquiformerV2 finite differences,2,2.86181591796875,0.17340876800000002
18,EquiformerV2 finite differences,3,2.86478857421875,0.17340876800000002
18,EquiformerV2 finite differences,4,2.8595126953125,0.17340876800000002
18,EquiformerV2 finite differences,5,2.85952099609375,0.17340876800000002
18,EquiformerV2 finite differences,6,2.860500732421875,0.17340876800000002
18,EquiformerV2 finite differences,7,2.86023779296875,0.17340876800000002
18,EquiformerV2 finite differences,8,2.868236328125,0.17340876800000002
18,EquiformerV2 finite differences,9,2.86927392578125,0.17340876800000002
18,EquiformerV2 finite differences,10,2.86731640625,0.17340876800000002
18,EquiformerV2 forward pass,1,0.026437471389770508,0.173348352
18,EquiformerV2 forward pass,2,0.02641427230834961,0.173348352
18,EquiformerV2 forward pass,3,0.026627775192260745,0.173348352
18,EquiformerV2 forward pass,4,0.026681343078613282,0.173348352
18,EquiformerV2 forward pass,5,0.02634649658203125,0.173348352
18,EquiformerV2 forward pass,6,0.026649343490600583,0.173348352
18,EquiformerV2 forward pass,7,0.026641311645507808,0.173348352
18,EquiformerV2 forward pass,8,0.02648265647888184,0.173348352
18,EquiformerV2 forward pass,9,0.026677248001098636,0.173348352
18,EquiformerV2 forward pass,10,0.026527423858642575,0.173348352
18,HIP,1,0.03728515243530273,0.17433907199999998
18,HIP,2,0.03715084838867188,0.17433907199999998
18,HIP,3,0.0374200325012207,0.17433907199999998
18,HIP,4,0.03729734420776367,0.17433907199999998
18,HIP,5,0.03758284759521485,0.17433907199999998
18,HIP,6,0.03721148681640625,0.17433907199999998
18,HIP,7,0.037180095672607424,0.17433907199999998
18,HIP,8,0.03720675277709961,0.17433907199999998
18,HIP,9,0.03721315383911133,0.17433907199999998
18,HIP,10,0.03755417633056641,0.17433907199999998
18,EquiformerV2 AD (direct force),1,0.8565596313476562,0.537249792
18,EquiformerV2 AD (direct force),2,0.8564375610351562,0.537249792
18,EquiformerV2 AD (direct force),3,0.8562462768554687,0.537249792
18,EquiformerV2 AD (direct force),4,0.8564664306640625,0.537249792
18,EquiformerV2 AD (direct force),5,0.8577368774414063,0.537249792
18,EquiformerV2 AD (direct force),6,0.8566322631835938,0.537249792
18,EquiformerV2 AD (direct force),7,0.8561898193359375,0.537249792
18,EquiformerV2 AD (direct force),8,0.8564019165039063,0.537249792
18,EquiformerV2 AD (direct force),9,0.856379150390625,0.537249792
18,EquiformerV2 AD (direct force),10,0.8564619750976562,0.537249792
18,EquiformerV2 AD (conservative force),1,2.25338134765625,1.5170969600000002
18,EquiformerV2 AD (conservative force),2,2.252992431640625,1.5170969600000002
18,EquiformerV2 AD (conservative force),3,2.25373486328125,1.5170969600000002
18,EquiformerV2 AD (conservative force),4,2.25384228515625,1.5170969600000002
18,EquiformerV2 AD (conservative force),5,2.250794921875,1.5170969600000002
18,EquiformerV2 AD (conservative force),6,2.25339599609375,1.5170969600000002
18,EquiformerV2 AD (conservative force),7,2.253275146484375,1.5170969600000002
18,EquiformerV2 AD (conservative force),8,2.25300341796875,1.5170969600000002
18,EquiformerV2 AD (conservative force),9,2.253648681640625,1.5170969600000002
18,EquiformerV2 AD (conservative force),10,2.254415771484375,1.5170969600000002
19,EquiformerV2 finite differences,1,3.09187451171875,0.185025536
19,EquiformerV2 finite differences,2,3.10530859375,0.185025536
19,EquiformerV2 finite differences,3,3.198714599609375,0.185025536
19,EquiformerV2 finite differences,4,3.079269287109375,0.185025536
19,EquiformerV2 finite differences,5,3.101878173828125,0.185025536
19,EquiformerV2 finite differences,6,3.109861328125,0.185025536
19,EquiformerV2 finite differences,7,3.118240966796875,0.185025536
19,EquiformerV2 finite differences,8,3.11430859375,0.185025536
19,EquiformerV2 finite differences,9,3.107938232421875,0.185025536
19,EquiformerV2 finite differences,10,3.09688330078125,0.185025536
19,EquiformerV2 forward pass,1,0.02704272079467773,0.18496204800000002
19,EquiformerV2 forward pass,2,0.027181087493896486,0.18496204800000002
19,EquiformerV2 forward pass,3,0.02694963264465332,0.18496204800000002
19,EquiformerV2 forward pass,4,0.027117855072021486,0.18496204800000002
19,EquiformerV2 forward pass,5,0.02712883186340332,0.18496204800000002
19,EquiformerV2 forward pass,6,0.027224063873291016,0.18496204800000002
19,EquiformerV2 forward pass,7,0.026984447479248046,0.18496204800000002
19,EquiformerV2 forward pass,8,0.027069440841674806,0.18496204800000002
19,EquiformerV2 forward pass,9,0.027057151794433597,0.18496204800000002
19,EquiformerV2 forward pass,10,0.026986495971679687,0.18496204800000002
19,HIP,1,0.03809881591796875,0.186057216
19,HIP,2,0.03783168029785156,0.186057216
19,HIP,3,0.03809600067138672,0.186057216
19,HIP,4,0.03808870315551758,0.186057216
19,HIP,5,0.03823820877075195,0.186057216
19,HIP,6,0.03793392181396485,0.186057216
19,HIP,7,0.03802009582519531,0.186057216
19,HIP,8,0.038130817413330076,0.186057216
19,HIP,9,0.03796294403076172,0.186057216
19,HIP,10,0.03805913543701172,0.186057216
19,EquiformerV2 AD (direct force),1,0.97918359375,0.584390144
19,EquiformerV2 AD (direct force),2,0.9786539916992187,0.584390144
19,EquiformerV2 AD (direct force),3,0.9788150024414063,0.584390144
19,EquiformerV2 AD (direct force),4,0.9786583251953124,0.584390144
19,EquiformerV2 AD (direct force),5,0.9786480712890624,0.584390144
19,EquiformerV2 AD (direct force),6,0.9786787109375,0.584390144
19,EquiformerV2 AD (direct force),7,0.9788231811523438,0.584390144
19,EquiformerV2 AD (direct force),8,0.9783418579101563,0.584390144
19,EquiformerV2 AD (direct force),9,0.9787373046875,0.584390144
19,EquiformerV2 AD (direct force),10,0.9787289428710938,0.584390144
19,EquiformerV2 AD (conservative force),1,2.57099560546875,1.687650816
19,EquiformerV2 AD (conservative force),2,2.572068603515625,1.687650816
19,EquiformerV2 AD (conservative force),3,2.570239013671875,1.687650816
19,EquiformerV2 AD (conservative force),4,2.571284423828125,1.687650816
19,EquiformerV2 AD (conservative force),5,2.57118115234375,1.687650816
19,EquiformerV2 AD (conservative force),6,2.56912158203125,1.687650816
19,EquiformerV2 AD (conservative force),7,2.567180908203125,1.687650816
19,EquiformerV2 AD (conservative force),8,2.568206298828125,1.687650816
19,EquiformerV2 AD (conservative force),9,2.569246826171875,1.687650816
19,EquiformerV2 AD (conservative force),10,2.570416015625,1.687650816
20,EquiformerV2 finite differences,1,3.34974658203125,0.19193856
20,EquiformerV2 finite differences,2,3.350580322265625,0.19193856
20,EquiformerV2 finite differences,3,3.347683349609375,0.19193856
20,EquiformerV2 finite differences,4,3.346001953125,0.19193856
20,EquiformerV2 finite differences,5,3.346087646484375,0.19193856
20,EquiformerV2 finite differences,6,3.347029296875,0.19193856
20,EquiformerV2 finite differences,7,3.34413525390625,0.19193856
20,EquiformerV2 finite differences,8,3.340962890625,0.19193856
20,EquiformerV2 finite differences,9,3.342685302734375,0.19193856
20,EquiformerV2 finite differences,10,3.3412177734375,0.19193856
20,EquiformerV2 forward pass,1,0.02745369529724121,0.19187200000000001
20,EquiformerV2 forward pass,2,0.027381824493408202,0.19187200000000001
20,EquiformerV2 forward pass,3,0.027504640579223635,0.19187200000000001
20,EquiformerV2 forward pass,4,0.027520000457763674,0.19187200000000001
20,EquiformerV2 forward pass,5,0.02756425666809082,0.19187200000000001
20,EquiformerV2 forward pass,6,0.027632640838623046,0.19187200000000001
20,EquiformerV2 forward pass,7,0.027819936752319335,0.19187200000000001
20,EquiformerV2 forward pass,8,0.027468032836914062,0.19187200000000001
20,EquiformerV2 forward pass,9,0.027561983108520507,0.19187200000000001
20,EquiformerV2 forward pass,10,0.02766752052307129,0.19187200000000001
20,HIP,1,0.03883020782470703,0.193076224
20,HIP,2,0.03887283325195313,0.193076224
20,HIP,3,0.0386855697631836,0.193076224
20,HIP,4,0.03888825607299805,0.193076224
20,HIP,5,0.03871942520141602,0.193076224
20,HIP,6,0.0385711669921875,0.193076224
20,HIP,7,0.0389119987487793,0.193076224
20,HIP,8,0.039001182556152335,0.193076224
20,HIP,9,0.039056385040283206,0.193076224
20,HIP,10,0.03857408142089844,0.193076224
20,EquiformerV2 AD (direct force),1,1.114852294921875,0.623768064
20,EquiformerV2 AD (direct force),2,1.1176365966796875,0.623768064
20,EquiformerV2 AD (direct force),3,1.1174473876953126,0.623768064
20,EquiformerV2 AD (direct force),4,1.116479248046875,0.623768064
20,EquiformerV2 AD (direct force),5,1.117361083984375,0.623768064
20,EquiformerV2 AD (direct force),6,1.117518798828125,0.623768064
20,EquiformerV2 AD (direct force),7,1.1171666259765625,0.623768064
20,EquiformerV2 AD (direct force),8,1.1177607421875,0.623768064
20,EquiformerV2 AD (direct force),9,1.117446044921875,0.623768064
20,EquiformerV2 AD (direct force),10,1.11687158203125,0.623768064
20,EquiformerV2 AD (conservative force),1,2.928270263671875,1.810103296
20,EquiformerV2 AD (conservative force),2,2.924815673828125,1.810103296
20,EquiformerV2 AD (conservative force),3,2.930122802734375,1.810103296
20,EquiformerV2 AD (conservative force),4,2.92914794921875,1.810103296
20,EquiformerV2 AD (conservative force),5,2.9290966796875,1.810103296
20,EquiformerV2 AD (conservative force),6,2.93012890625,1.810103296
20,EquiformerV2 AD (conservative force),7,2.929147705078125,1.810103296
20,EquiformerV2 AD (conservative force),8,2.928564208984375,1.810103296
20,EquiformerV2 AD (conservative force),9,2.928182373046875,1.810103296
20,EquiformerV2 AD (conservative force),10,2.927326171875,1.810103296
21,EquiformerV2 finite differences,1,3.591597900390625,0.205992448
21,EquiformerV2 finite differences,2,3.598152587890625,0.205992448
21,EquiformerV2 finite differences,3,3.596417236328125,0.205992448
21,EquiformerV2 finite differences,4,3.593786376953125,0.205992448
21,EquiformerV2 finite differences,5,3.592991943359375,0.205992448
21,EquiformerV2 finite differences,6,3.59225341796875,0.205992448
21,EquiformerV2 finite differences,7,3.594470703125,0.205992448
21,EquiformerV2 finite differences,8,3.587393798828125,0.205992448
21,EquiformerV2 finite differences,9,3.588455322265625,0.205992448
21,EquiformerV2 finite differences,10,3.590538330078125,0.205992448
21,EquiformerV2 forward pass,1,0.02831564712524414,0.204723712
21,EquiformerV2 forward pass,2,0.02839139175415039,0.20598681600000002
21,EquiformerV2 forward pass,3,0.028291072845458985,0.204922368
21,EquiformerV2 forward pass,4,0.02804931259155273,0.204723712
21,EquiformerV2 forward pass,5,0.028506111145019532,0.20598681600000002
21,EquiformerV2 forward pass,6,0.028675167083740235,0.204922368
21,EquiformerV2 forward pass,7,0.028579776763916015,0.204723712
21,EquiformerV2 forward pass,8,0.028670944213867188,0.20598681600000002
21,EquiformerV2 forward pass,9,0.028605440139770507,0.204922368
21,EquiformerV2 forward pass,10,0.02842998313903809,0.204723712
21,HIP,1,0.03995033645629883,0.205558272
21,HIP,2,0.04001705551147461,0.205312512
21,HIP,3,0.03984998321533203,0.205576704
21,HIP,4,0.03986316680908203,0.205576704
21,HIP,5,0.039964672088623046,0.205576704
21,HIP,6,0.04000083160400391,0.205558272
21,HIP,7,0.03970460891723633,0.205312512
21,HIP,8,0.039959583282470706,0.205576704
21,HIP,9,0.04009574508666992,0.205576704
21,HIP,10,0.0398551025390625,0.205576704
21,EquiformerV2 AD (direct force),1,1.2510648193359375,0.680353792
21,EquiformerV2 AD (direct force),2,1.25049755859375,0.680353792
21,EquiformerV2 AD (direct force),3,1.25062353515625,0.680353792
21,EquiformerV2 AD (direct force),4,1.2506767578125,0.680353792
21,EquiformerV2 AD (direct force),5,1.2504239501953125,0.680353792
21,EquiformerV2 AD (direct force),6,1.2504637451171876,0.680353792
21,EquiformerV2 AD (direct force),7,1.2508179931640624,0.680353792
21,EquiformerV2 AD (direct force),8,1.2506768798828125,0.680353792
21,EquiformerV2 AD (direct force),9,1.2505609130859374,0.680353792
21,EquiformerV2 AD (direct force),10,1.250654296875,0.680353792
21,EquiformerV2 AD (conservative force),1,3.27572900390625,1.997393408
21,EquiformerV2 AD (conservative force),2,3.278065673828125,1.997393408
21,EquiformerV2 AD (conservative force),3,3.2777705078125,1.997393408
21,EquiformerV2 AD (conservative force),4,3.2740556640625,1.997393408
21,EquiformerV2 AD (conservative force),5,3.279885009765625,1.997393408
21,EquiformerV2 AD (conservative force),6,3.27649462890625,1.997393408
21,EquiformerV2 AD (conservative force),7,3.2779755859375,1.997393408
21,EquiformerV2 AD (conservative force),8,3.278037841796875,1.997393408
21,EquiformerV2 AD (conservative force),9,3.27705078125,1.997393408
21,EquiformerV2 AD (conservative force),10,3.278322998046875,1.997393408
