n_atoms,method,time,memory
4,prediction,33.83091354370117,337.271296
4,autograd,158.28787231445312,381.953024
4,prediction,32.3633918762207,335.942656
4,autograd,156.2961883544922,381.953024
4,prediction,33.80614471435547,335.942656
4,autograd,155.88861083984375,381.953024
5,prediction,32.61555099487305,337.973248
5,autograd,194.3376922607422,397.02016
5,prediction,32.00783920288086,337.973248
5,autograd,197.0921630859375,397.02016
5,prediction,32.2213134765625,337.973248
5,autograd,193.6279754638672,397.02016
5,prediction,32.10140609741211,337.973248
5,autograd,195.8318328857422,397.02016
5,prediction,32.10233688354492,337.973248
5,autograd,195.52870178222656,397.02016
5,prediction,32.36220932006836,337.973248
5,autograd,195.9219512939453,397.02016
5,prediction,32.51001739501953,337.973248
5,autograd,194.00498962402344,397.02016
5,prediction,31.977407455444336,337.973248
5,autograd,194.5108184814453,397.02016
5,prediction,32.70751953125,337.973248
5,autograd,197.27052307128906,397.02016
6,prediction,33.21004867553711,340.769792
6,autograd,229.61766052246094,412.517888
6,prediction,32.53324890136719,340.769792
6,autograd,229.15994262695312,412.517888
6,prediction,32.4771842956543,340.769792
6,autograd,227.41897583007812,412.517888
6,prediction,32.875423431396484,340.769792
6,autograd,228.34994506835938,412.517888
6,prediction,32.58879852294922,340.769792
6,autograd,229.2642822265625,412.517888
6,prediction,32.96464157104492,340.769792
6,autograd,228.34471130371094,412.517888
6,prediction,32.41334533691406,340.769792
6,autograd,227.37008666992188,412.517888
6,prediction,32.337825775146484,340.769792
6,autograd,228.2783966064453,412.517888
6,prediction,32.525665283203125,340.769792
6,autograd,228.44140625,412.517888
6,prediction,32.600799560546875,340.769792
6,autograd,228.2208709716797,412.517888
7,prediction,34.05926513671875,343.533568
7,autograd,259.6986999511719,429.786624
7,prediction,32.41471862792969,343.533568
7,autograd,261.602294921875,429.786624
7,prediction,33.57872009277344,343.533568
7,autograd,260.81793212890625,429.786624
7,prediction,32.17203140258789,343.533568
7,autograd,260.2926025390625,429.786624
7,prediction,32.447265625,343.533568
7,autograd,261.6310729980469,429.786624
7,prediction,34.114559173583984,343.533568
7,autograd,262.47271728515625,429.786624
7,prediction,32.77312088012695,343.533568
7,autograd,261.02764892578125,429.786624
7,prediction,33.22060775756836,343.533568
7,autograd,262.83929443359375,429.786624
7,prediction,32.77324676513672,343.533568
7,autograd,263.1619873046875,429.786624
7,prediction,32.38502502441406,343.533568
7,autograd,260.966552734375,429.786624
8,prediction,35.39174270629883,347.063296
8,autograd,295.0340576171875,449.348608
8,prediction,32.598785400390625,347.063296
8,autograd,292.739990234375,449.348608
8,prediction,32.43417739868164,347.063296
8,autograd,293.239990234375,449.348608
8,prediction,33.47455978393555,347.063296
8,autograd,293.5941467285156,449.348608
8,prediction,32.886783599853516,347.063296
8,autograd,292.85150146484375,449.348608
8,prediction,32.780609130859375,347.063296
8,autograd,293.6473693847656,449.348608
8,prediction,33.7224006652832,346.565632
8,autograd,293.7230529785156,446.233088
8,prediction,33.003456115722656,346.565632
8,autograd,295.1628723144531,446.233088
8,prediction,32.709632873535156,346.565632
8,autograd,294.0109558105469,446.233088
8,prediction,33.06924819946289,347.063296
8,autograd,293.1703186035156,449.348608
9,prediction,35.980289459228516,352.590336
9,autograd,330.12713623046875,471.645184
9,prediction,33.26873779296875,352.590336
9,autograd,327.7066345214844,471.645184
9,prediction,33.84431838989258,352.590336
9,autograd,333.01995849609375,471.645184
9,prediction,34.19852828979492,352.4736
9,autograd,328.41522216796875,470.25152
9,prediction,33.20912170410156,352.4736
9,autograd,326.93963623046875,470.25152
9,prediction,33.104190826416016,352.4736
9,autograd,326.51953125,470.25152
9,prediction,33.22675323486328,352.590336
9,autograd,325.818359375,471.645184
9,prediction,33.20502471923828,352.590336
9,autograd,329.7239074707031,471.645184
9,prediction,33.36735916137695,352.590336
9,autograd,329.9972839355469,471.645184
9,prediction,33.163265228271484,352.590336
9,autograd,333.457275390625,471.645184
10,prediction,34.7402229309082,356.063744
10,autograd,362.01165771484375,499.365376
10,prediction,33.53984069824219,356.063744
10,autograd,366.966796875,499.365376
10,prediction,33.91823959350586,356.063744
10,autograd,362.3116760253906,499.365376
10,prediction,33.815521240234375,356.063744
10,autograd,364.1743469238281,499.365376
10,prediction,33.49913787841797,356.063744
10,autograd,361.34808349609375,499.365376
10,prediction,34.017215728759766,356.063744
10,autograd,365.4502258300781,499.365376
10,prediction,34.2874870300293,355.61728
10,autograd,363.5038146972656,496.969728
10,prediction,34.5088005065918,355.61728
10,autograd,362.6546936035156,496.969728
10,prediction,35.85843276977539,356.063744
10,autograd,362.5871276855469,499.365376
10,prediction,33.59027099609375,356.063744
10,autograd,364.1446228027344,499.365376
11,prediction,34.37779235839844,360.141312
11,autograd,394.2389831542969,520.131584
11,prediction,34.17219161987305,360.141312
11,autograd,394.6416320800781,520.131584
11,prediction,33.66707229614258,360.141312
11,autograd,394.7120056152344,520.131584
11,prediction,34.541568756103516,360.708096
11,autograd,398.6820983886719,518.59712
11,prediction,34.06332778930664,360.708096
11,autograd,394.3853759765625,518.59712
11,prediction,34.92995071411133,360.141312
11,autograd,396.40985107421875,520.131584
11,prediction,33.9073600769043,360.638976
11,autograd,397.84344482421875,521.947648
11,prediction,34.39936065673828,360.638976
11,autograd,401.48809814453125,521.947648
11,prediction,34.01113510131836,360.708096
11,autograd,392.7500915527344,518.59712
11,prediction,34.66854476928711,360.638976
11,autograd,393.97296142578125,521.947648
12,prediction,35.316734313964844,365.664768
12,autograd,430.40155029296875,555.534336
12,prediction,34.625633239746094,365.664768
12,autograd,430.814208984375,555.534336
12,prediction,34.7852783203125,365.158912
12,autograd,431.774658203125,551.366656
12,prediction,34.40639877319336,363.167744
12,autograd,432.5509338378906,540.0064
12,prediction,34.45481491088867,363.167744
12,autograd,434.7101745605469,540.0064
12,prediction,34.402305603027344,363.167744
12,autograd,430.9329528808594,540.0064
12,prediction,34.85388946533203,366.162432
12,autograd,437.2367248535156,552.664576
12,prediction,35.16508865356445,366.162432
12,autograd,431.3612060546875,552.664576
12,prediction,34.742271423339844,366.162432
12,autograd,428.78759765625,552.664576
12,prediction,35.17552185058594,365.664768
12,autograd,425.50067138671875,555.534336
13,prediction,36.26496124267578,372.461056
13,autograd,463.935302734375,580.186624
13,prediction,35.831966400146484,372.461056
13,autograd,461.0322570800781,580.186624
13,prediction,36.038848876953125,372.461056
13,autograd,461.2956237792969,580.186624
13,prediction,37.03807830810547,371.99104
13,autograd,460.8868713378906,578.758656
13,prediction,35.90460968017578,371.99104
13,autograd,467.0896911621094,578.758656
13,prediction,35.59920120239258,371.518976
13,autograd,461.92230224609375,579.298816
13,prediction,34.365440368652344,365.197824
13,autograd,464.77618408203125,555.547648
13,prediction,34.5272331237793,365.197824
13,autograd,465.7674255371094,555.547648
13,prediction,34.61427307128906,365.70368
13,autograd,464.3412780761719,558.134272
13,prediction,34.644065856933594,362.71104
13,autograd,460.3156433105469,542.58944
14,prediction,36.31843185424805,378.178048
14,autograd,498.6943359375,619.188224
14,prediction,35.85740661621094,378.178048
14,autograd,497.0516357421875,619.188224
14,prediction,35.6212158203125,378.178048
14,autograd,498.3879699707031,619.188224
14,prediction,36.15635299682617,378.648064
14,autograd,498.11236572265625,620.144128
14,prediction,37.42185592651367,379.121664
14,autograd,499.80517578125,619.993088
14,prediction,35.769344329833984,379.121664
14,autograd,499.4682922363281,619.993088
14,prediction,36.035743713378906,372.97408
14,autograd,499.98736572265625,587.319808
14,prediction,36.56275177001953,375.113728
14,autograd,505.9205017089844,593.242624
14,prediction,35.67814254760742,376.365056
14,autograd,499.3318176269531,595.77344
14,prediction,38.5074577331543,376.647168
14,autograd,499.2085266113281,603.080704
15,prediction,36.85683059692383,385.781248
15,autograd,557.7081298828125,654.528512
15,prediction,35.74272155761719,385.781248
15,autograd,556.3596801757812,654.528512
15,prediction,38.338558197021484,385.781248
15,autograd,554.6864624023438,654.528512
15,prediction,36.27212905883789,383.653376
15,autograd,543.317138671875,638.805504
15,prediction,35.80313491821289,383.653376
15,autograd,543.8822631835938,638.805504
15,prediction,36.46031951904297,383.653376
15,autograd,543.6723022460938,638.805504
15,prediction,36.733951568603516,384.83456
15,autograd,554.3587646484375,652.278784
15,prediction,37.563392639160156,384.364544
15,autograd,551.1546630859375,651.298304
15,prediction,36.236351013183594,384.364544
15,autograd,550.8925170898438,651.298304
15,prediction,36.674591064453125,383.795712
15,autograd,546.8703002929688,642.631168
16,prediction,37.82854461669922,389.70368
16,autograd,602.0260009765625,669.310976
16,prediction,35.77251052856445,389.648384
16,autograd,596.421630859375,672.550912
16,prediction,35.63600158691406,389.648384
16,autograd,592.3510131835938,672.550912
16,prediction,35.777503967285156,389.756416
16,autograd,598.1151733398438,673.396736
16,prediction,35.95248031616211,389.70368
16,autograd,601.2418823242188,669.310976
16,prediction,35.93427276611328,389.594624
16,autograd,590.9083862304688,666.96704
16,prediction,37.594913482666016,392.93696
16,autograd,631.05419921875,688.215552
16,prediction,36.373470306396484,392.93696
16,autograd,636.515380859375,688.215552
16,prediction,36.47385787963867,389.834752
16,autograd,600.6179809570312,677.851136
16,prediction,35.681278228759766,389.594624
16,autograd,590.9596557617188,666.96704
17,prediction,36.47372817993164,392.53504
17,autograd,678.6065063476562,688.322048
17,prediction,37.5456657409668,392.53504
17,autograd,674.1392822265625,688.322048
17,prediction,37.07222366333008,392.754688
17,autograd,676.8135375976562,690.20672
17,prediction,36.968448638916016,396.79232
17,autograd,704.0879516601562,708.92544
17,prediction,37.89926528930664,398.821376
17,autograd,725.9883422851562,717.300736
17,prediction,37.299903869628906,399.441408
17,autograd,727.8930053710938,722.74176
17,prediction,37.20275115966797,397.599744
17,autograd,707.3853149414062,713.211904
17,prediction,36.67558288574219,397.599744
17,autograd,707.6034545898438,713.211904
17,prediction,37.98012924194336,397.19936
17,autograd,710.830078125,711.592448
17,prediction,35.9659538269043,389.743616
17,autograd,647.836669921875,672.950272
18,prediction,37.67295837402344,404.828672
18,autograd,810.3546752929688,747.369984
18,prediction,37.47020721435547,404.276224
18,autograd,807.1577758789062,746.37568
18,prediction,38.05574417114258,404.276224
18,autograd,809.9501953125,746.37568
18,prediction,37.38828659057617,404.828672
18,autograd,810.2256469726562,747.369984
18,prediction,37.45817565917969,404.276224
18,autograd,811.5025634765625,746.37568
18,prediction,37.2756462097168,404.276224
18,autograd,806.2811889648438,746.37568
18,prediction,38.77484893798828,408.997376
18,autograd,848.6666259765625,768.400384
18,prediction,37.789695739746094,408.997376
18,autograd,854.7737426757812,768.400384
18,prediction,38.26508712768555,409.830912
18,autograd,850.0899658203125,767.465984
18,prediction,38.41331100463867,405.814272
18,autograd,817.9517211914062,752.937984
19,prediction,38.03955078125,411.460608
19,autograd,914.9336547851562,786.349568
19,prediction,38.571136474609375,414.562304
19,autograd,924.2941284179688,793.935872
19,prediction,38.62937545776367,414.898688
19,autograd,930.7975463867188,795.959808
19,prediction,38.858943939208984,415.780864
19,autograd,946.6416015625,800.141312
19,prediction,38.87241744995117,415.397888
19,autograd,944.2775268554688,800.749056
19,prediction,38.05702209472656,415.397888
19,autograd,943.3998413085938,800.749056
19,prediction,38.28940963745117,414.898688
19,autograd,931.3423461914062,795.959808
19,prediction,38.28031921386719,414.898688
19,autograd,930.824462890625,795.959808
19,prediction,38.5022087097168,414.898688
19,autograd,931.3382568359375,795.959808
19,prediction,37.95759963989258,409.870848
19,autograd,900.115234375,770.464256
20,prediction,37.23161697387695,399.560704
20,autograd,864.5477294921875,736.0
20,prediction,37.19065475463867,398.940672
20,autograd,857.025390625,729.403904
20,prediction,37.094398498535156,398.940672
20,autograd,856.6465454101562,729.403904
20,prediction,38.885215759277344,412.331008
20,autograd,981.0166015625,789.02272
20,prediction,38.55388641357422,410.878976
20,autograd,962.5753784179688,786.04288
20,prediction,38.6828498840332,412.331008
20,autograd,974.0869140625,789.02272
20,prediction,38.99795150756836,415.8208
20,autograd,998.1694946289062,804.026368
20,prediction,39.59379196166992,416.847872
20,autograd,1009.4448852539062,808.918528
20,prediction,41.47785568237305,417.314304
20,autograd,1015.7199096679688,811.08224
20,prediction,39.61212921142578,422.498816
20,autograd,1065.2086181640625,834.17088
21,prediction,40.41513442993164,421.339136
21,autograd,1104.3521728515625,831.117824
21,prediction,39.19859313964844,421.339136
21,autograd,1103.96826171875,831.117824
21,prediction,39.60761642456055,422.539776
21,autograd,1121.3536376953125,838.212608
21,prediction,40.90275192260742,429.477888
21,autograd,1178.7745361328125,865.41824
21,prediction,41.71775817871094,430.338048
21,autograd,1191.2884521484375,868.923392
21,prediction,41.9285774230957,430.338048
21,autograd,1186.1729736328125,868.923392
21,prediction,41.0931510925293,424.334848
21,autograd,1134.1517333984375,844.263424
21,prediction,39.459903717041016,424.334848
21,autograd,1134.05224609375,844.263424
21,prediction,39.12192153930664,424.334848
21,autograd,1132.9718017578125,844.263424
21,prediction,41.134239196777344,430.765056
21,autograd,1189.697509765625,872.213504
22,prediction,40.76348876953125,440.04608
22,autograd,1313.511474609375,913.940992
22,prediction,40.73369598388672,441.212928
22,autograd,1313.660888671875,918.0288
22,prediction,40.51865768432617,441.565696
22,autograd,1312.7313232421875,917.598208
22,prediction,39.453697204589844,423.781376
22,autograd,1182.708740234375,845.34016
22,prediction,39.65849685668945,423.876096
22,autograd,1187.1260986328125,847.990784
22,prediction,39.70662307739258,424.873984
22,autograd,1209.5948486328125,851.322368
22,prediction,42.150718688964844,447.803904
22,autograd,1360.151611328125,950.77888
22,prediction,41.36652755737305,448.745472
22,autograd,1355.9827880859375,946.479616
22,prediction,42.15407943725586,448.964608
22,autograd,1363.4969482421875,951.302656
22,prediction,43.61830520629883,442.4832
22,autograd,1336.848388671875,929.335296
23,prediction,40.88800048828125,430.419456
23,autograd,1307.8507080078125,878.505984
23,prediction,41.72079849243164,429.984256
23,autograd,1308.2408447265625,876.68736
23,prediction,40.86067199707031,429.132288
23,autograd,1295.640625,873.43104
23,prediction,42.35673522949219,449.752064
23,autograd,1488.4718017578125,964.98688
23,prediction,42.1610221862793,455.79264
23,autograd,1500.1756591796875,978.362368
23,prediction,42.22652816772461,451.734016
23,autograd,1501.7830810546875,969.240576
23,prediction,42.94483184814453,449.004544
23,autograd,1487.8822021484375,962.21184
23,prediction,41.861183166503906,448.938496
23,autograd,1481.051025390625,962.191872
23,prediction,42.01891326904297,449.828352
23,autograd,1488.3389892578125,964.89472
23,prediction,40.907745361328125,442.576896
23,autograd,1406.5643310546875,931.203584
24,prediction,43.28886413574219,460.455936
24,autograd,1661.4818115234375,1017.473024
24,prediction,42.797054290771484,460.337664
24,autograd,1649.3699951171875,1011.520512
24,prediction,42.853214263916016,460.071936
24,autograd,1649.5718994140625,1011.520512
24,prediction,43.969825744628906,459.565568
24,autograd,1649.3629150390625,1010.780672
24,prediction,43.029502868652344,460.836864
24,autograd,1662.91357421875,1013.57568
24,prediction,43.25273513793945,461.37344
24,autograd,1667.6669921875,1016.80128
24,prediction,41.871456146240234,449.23392
24,autograd,1538.3416748046875,960.037376
24,prediction,42.76838302612305,449.750016
24,autograd,1545.47509765625,962.614272
24,prediction,42.11532974243164,454.3616
24,autograd,1575.772216796875,986.332672
24,prediction,44.2501106262207,448.339968
24,autograd,1497.629638671875,957.471232
25,prediction,44.33407974243164,470.108672
25,autograd,1828.4461669921875,1061.597184
25,prediction,44.22041702270508,470.201856
25,autograd,1830.1685791015625,1059.054592
25,prediction,44.337982177734375,473.434624
25,autograd,1832.6036376953125,1065.0368
25,prediction,45.390846252441406,473.14688
25,autograd,1852.419921875,1069.157888
25,prediction,43.82704162597656,473.293824
25,autograd,1855.721435546875,1072.380928
25,prediction,43.733856201171875,469.113344
25,autograd,1819.448974609375,1052.423168
25,prediction,45.15532684326172,464.523264
25,autograd,1770.6280517578125,1033.716224
25,prediction,43.185150146484375,466.686464
25,autograd,1780.822021484375,1041.313792
25,prediction,43.36608123779297,460.29568
25,autograd,1733.3883056640625,1018.734592
25,prediction,45.474815368652344,477.041664
25,autograd,1893.333984375,1084.88192
26,prediction,45.12758255004883,474.948608
26,autograd,1964.55419921875,1084.875776
26,prediction,46.00115203857422,472.907264
26,autograd,1935.1009521484375,1072.2176
26,prediction,43.81718444824219,472.411648
26,autograd,1931.8701171875,1075.916288
26,prediction,44.415199279785156,478.570496
26,autograd,1978.1806640625,1099.358208
26,prediction,44.90752029418945,479.794176
26,autograd,1984.6552734375,1095.931392
26,prediction,44.50515365600586,480.01024
26,autograd,1988.1103515625,1098.490368
26,prediction,42.946529388427734,459.916288
26,autograd,1782.1307373046875,1017.51552
26,prediction,42.49497604370117,459.732992
26,autograd,1783.0911865234375,1018.92608
26,prediction,42.691646575927734,459.54304
26,autograd,1784.659912109375,1016.69376
26,prediction,44.43017578125,472.81408
26,autograd,1939.9608154296875,1072.2176
27,prediction,46.61759948730469,486.99136
27,autograd,2185.6826171875,1142.397952
27,prediction,45.685760498046875,487.242752
27,autograd,2183.947021484375,1141.507072
27,prediction,45.949920654296875,488.446976
27,autograd,2193.52978515625,1145.487872
27,prediction,44.55635070800781,475.394048
27,autograd,2046.099365234375,1089.755648
27,prediction,45.7677116394043,478.756864
27,autograd,2071.341064453125,1103.271936
27,prediction,45.07952117919922,479.81312
27,autograd,2079.254638671875,1105.921024
27,prediction,43.16672134399414,449.498624
27,autograd,1752.501220703125,976.199168
27,prediction,41.982078552246094,449.534976
27,autograd,1751.61962890625,976.064512
27,prediction,42.02803039550781,451.051008
27,autograd,1756.19482421875,978.138112
27,prediction,45.51270294189453,469.443584
27,autograd,1966.0255126953125,1059.503616
28,prediction,48.65225601196289,505.998848
28,autograd,2478.041015625,1221.980672
28,prediction,47.75241470336914,504.631296
28,autograd,2463.54296875,1222.163968
28,prediction,47.19232177734375,502.345728
28,autograd,2429.978515625,1209.677312
28,prediction,46.9884147644043,499.167744
28,autograd,2408.815673828125,1204.831744
28,prediction,46.872318267822266,499.521536
28,autograd,2406.811279296875,1205.292032
28,prediction,46.83491134643555,499.167744
28,autograd,2410.579833984375,1201.616896
28,prediction,46.558528900146484,493.199872
28,autograd,2331.231201171875,1164.048384
28,prediction,47.757057189941406,498.520064
28,autograd,2393.324462890625,1194.28096
28,prediction,47.42729568481445,500.00896
28,autograd,2413.529052734375,1205.605376
28,prediction,45.57721710205078,478.857216
28,autograd,2155.552734375,1110.578176
29,prediction,48.82124710083008,515.890176
29,autograd,2676.862548828125,1264.340992
29,prediction,49.040382385253906,515.568128
29,autograd,2680.33544921875,1264.340992
29,prediction,48.737281799316406,515.820032
29,autograd,2668.25634765625,1266.453504
29,prediction,46.70556640625,494.488064
29,autograd,2423.99853515625,1171.083776
29,prediction,46.50214385986328,496.169472
29,autograd,2438.246337890625,1181.165568
29,prediction,46.97737503051758,494.689792
29,autograd,2438.66748046875,1179.904512
29,prediction,46.354366302490234,495.276544
29,autograd,2409.3603515625,1172.104192
29,prediction,47.571678161621094,494.089216
29,autograd,2414.914306640625,1169.275392
29,prediction,45.97884750366211,494.667776
29,autograd,2410.132568359375,1169.275392
29,prediction,47.713279724121094,499.808768
29,autograd,2507.9541015625,1209.874944
30,prediction,49.247230529785156,519.609344
30,autograd,2786.765625,1282.848768
30,prediction,48.39628982543945,516.604928
30,autograd,2772.28955078125,1272.643072
30,prediction,48.94803237915039,518.822912
30,autograd,2783.251220703125,1281.877504
30,prediction,46.283870697021484,486.72768
30,autograd,2412.654541015625,1153.56928
30,prediction,45.54956817626953,486.856192
30,autograd,2409.945068359375,1149.90336
30,prediction,45.66835021972656,485.102592
30,autograd,2396.210205078125,1145.867776
30,prediction,48.0654411315918,505.891328
30,autograd,2657.565673828125,1232.91392
30,prediction,47.31804656982422,505.977856
30,autograd,2653.5146484375,1231.711744
30,prediction,47.90137481689453,508.206592
30,autograd,2657.94775390625,1238.363136
30,prediction,49.855201721191406,533.183488
30,autograd,2983.02490234375,1342.357504
31,prediction,48.51411056518555,505.530368
31,autograd,2754.793212890625,1239.357952
31,prediction,47.682559967041016,505.530368
31,autograd,2755.50830078125,1239.392768
31,prediction,47.045921325683594,506.0736
31,autograd,2750.91455078125,1234.072064
31,prediction,48.74528121948242,512.346624
31,autograd,2805.9638671875,1262.132736
31,prediction,48.672767639160156,512.992256
31,autograd,2852.16455078125,1269.696512
31,prediction,49.501312255859375,517.79072
31,autograd,2894.41357421875,1286.530048
31,prediction,49.89561462402344,524.2752
31,autograd,2978.66845703125,1316.86656
31,prediction,48.886783599853516,524.101632
31,autograd,2970.675537109375,1317.684736
31,prediction,51.113983154296875,528.094208
31,autograd,3042.287353515625,1334.928896
31,prediction,48.147457122802734,508.288512
31,autograd,2766.49462890625,1250.254848
32,prediction,52.92544174194336,537.218048
32,autograd,3259.87744140625,1380.54656
32,prediction,51.4815673828125,538.811904
32,autograd,3275.888671875,1383.121408
32,prediction,50.104190826416016,537.441792
32,autograd,3242.681396484375,1376.869888
32,prediction,50.35331344604492,525.053952
32,autograd,3091.977294921875,1329.223168
32,prediction,50.61430358886719,530.477568
32,autograd,3150.51220703125,1352.388096
32,prediction,50.04800033569336,530.475008
32,autograd,3148.17529296875,1352.388096
32,prediction,49.68822479248047,521.836032
32,autograd,3036.170166015625,1306.971648
32,prediction,49.40079879760742,521.087488
32,autograd,3024.41259765625,1305.669632
32,prediction,49.00227355957031,520.042496
32,autograd,3034.7744140625,1303.740928
32,prediction,51.38246536254883,542.285824
32,autograd,3298.9580078125,1399.821312
33,prediction,51.58265686035156,545.165824
33,autograd,3451.568115234375,1415.444992
33,prediction,51.700416564941406,546.099712
33,autograd,3471.31591796875,1423.39072
33,prediction,51.871742248535156,548.073984
33,autograd,3483.727783203125,1435.057152
