path_frame_index,reaction_coordinate_xi_angstrom,is_reactant_geometry,is_product_geometry,is_transition_state_geometry,lambda_1_dft_eV_per_angstrom2_per_amu,lambda_1_hip_eV_per_angstrom2_per_amu,lambda_1_equiformerv2_ad_eV_per_angstrom2_per_amu,lambda_2_dft_eV_per_angstrom2_per_amu,lambda_2_hip_eV_per_angstrom2_per_amu,lambda_2_equiformerv2_ad_eV_per_angstrom2_per_amu,lambda_3_dft_eV_per_angstrom2_per_amu,lambda_3_hip_eV_per_angstrom2_per_amu,lambda_3_equiformerv2_ad_eV_per_angstrom2_per_amu,lambda_4_dft_eV_per_angstrom2_per_amu,lambda_4_hip_eV_per_angstrom2_per_amu,lambda_4_equiformerv2_ad_eV_per_angstrom2_per_amu,lambda_5_dft_eV_per_angstrom2_per_amu,lambda_5_hip_eV_per_angstrom2_per_amu,lambda_5_equiformerv2_ad_eV_per_angstrom2_per_amu,lambda_6_dft_eV_per_angstrom2_per_amu,lambda_6_hip_eV_per_angstrom2_per_amu,lambda_6_equiformerv2_ad_eV_per_angstrom2_per_amu
0,-1.5121068643196178,True,False,False,0.059860089973065606,0.05461464558699592,-0.021854947800101297,0.10146121610635528,0.10058813901371665,0.08063138074593341,0.33189413514782723,0.3311256127977716,0.3265174026169272,0.5365911913106648,0.5213114785945608,0.36895331289175143,0.8269503132888911,0.8213732669535925,0.49314729631156107,1.0169888654540766,1.009147383481189,0.8718022614008701
1,-1.505416027697349,False,False,False,0.059085603462151484,0.05645687915565371,-0.020255209641749455,0.10355953572047315,0.10312734267194974,0.08253465510278717,0.33589778599341097,0.33550425657067223,0.33154100434167116,0.4752538834505892,0.4598755449075904,0.3618231516892361,0.8333082627481143,0.8289415476273639,0.45204677915785735,1.021498999510608,1.0136500155571815,0.869147821658885
2,-1.4993196632451762,False,False,False,0.0668567762477882,0.06636923162036429,-0.019106195016578745,0.10959464655097341,0.10800340876293621,0.0838878398016604,0.3415262983276673,0.34249412991720274,0.3319246186365907,0.40877541421171554,0.4072780232570476,0.34516431099036166,0.8371609042026432,0.8367705266404297,0.41026203578084197,1.0771200186533967,1.080290080686226,0.8713199481985817
3,-1.4934064334553865,False,False,False,0.0628159840763594,0.06369334809897682,-0.018747663232293158,0.11048007728358886,0.10933162139438352,0.08549631384801482,0.3443568039749925,0.3454208190199825,0.31396404821227447,0.3611866374125342,0.3599242472463862,0.3403487452606463,0.8400911527891184,0.8399454674412794,0.396094379098969,1.0759149613072143,1.0797023154313519,0.8703312428372108
4,-1.487937578755263,False,False,False,0.060311135467420514,0.06233284147846409,-0.018294504119500603,0.11203336997174433,0.11112241011916277,0.08706118983839391,0.29561407068084694,0.29452915849167743,0.28183535153792216,0.3476528711808505,0.34906480001958184,0.34292202336193855,0.8377120577255956,0.8381035397085654,0.38892719817016447,1.0668231809956963,1.0709832001968922,0.8685300945977142
5,-1.4828175181871115,False,False,False,0.059445788396071106,0.062492201832176617,-0.017888101601136137,0.11403046160835671,0.1132458528377501,0.08855404160361079,0.2348663640635241,0.23302815023846435,0.25027059025672244,0.3506003176043754,0.3521806391502225,0.3447585367338149,0.8357812134405828,0.8366001742786563,0.3855124715892011,1.058713168709151,1.0625177876083176,0.8670698130786179
6,-1.4779398128394565,False,False,False,0.05882685652109381,0.06281120658270921,-0.01725888907321471,0.1161794175724943,0.11549550544264149,0.09015750381980066,0.193183150534179,0.18961426145520405,0.22554027014302838,0.3539755103705175,0.35565472207858156,0.34510683050272645,0.83590572810591,0.8369500196540395,0.3855027432379279,1.0568533310785981,1.0598508390267298,0.8672591180198759
7,-1.4728636637687773,False,False,False,0.06006688664677343,0.06503210739120664,-0.01640938857792114,0.11904902208297721,0.11847982002848237,0.09187995490226043,0.15798757433552665,0.15207591486497507,0.20202732157409029,0.35785831082097413,0.3595654704587134,0.34562316004224797,0.8383616982331701,0.8394759073155862,0.38661314673575914,1.0604917571196677,1.0625164571844683,0.8675801292781747
8,-1.4676317793428928,False,False,False,0.06122217769379764,0.06688210018014418,-0.015750327154731875,0.11219443227084998,0.10404083351084399,0.09335214815779617,0.12286226275052042,0.12148482733145485,0.17421013463968632,0.3618362891209326,0.3634666841169046,0.3459498622580042,0.8416928543720341,0.8427623346285588,0.3874545506170839,1.064087528010802,1.064539294650267,0.8674121108233417
9,-1.4624051570529266,False,False,False,0.06270343951152652,0.05578636236267467,-0.015048196175871642,0.07071925685014518,0.07155017524111885,0.0946249434415876,0.1254363510080159,0.1248046695993229,0.1461353993043702,0.3662077142520315,0.3676947216099417,0.3461405721206084,0.8464149161667297,0.8472105307052459,0.38860135794429723,1.071604087869967,1.0701158645621498,0.867015165536143
10,-1.4570245916682958,False,False,False,0.044964592533147885,0.026457479462135332,-0.014433066315890636,0.0649076554073665,0.07302115689822469,0.09570075069739178,0.12870142268024945,0.12826788661101843,0.12415421358148349,0.37126416549600955,0.3724491063509993,0.34678387771274016,0.852715102374383,0.8535265261935135,0.3919619503213516,1.0878809564941796,1.0842919571307017,0.8677079265393169
11,-1.450224477155115,False,False,False,-0.09876587389705109,-0.12339773909109479,-0.01821141694395534,0.0660286496082536,0.07392919758736105,0.041882279052481104,0.1339326781422242,0.13184757069929512,0.09421238597629225,0.37706395360308387,0.37815991951408334,0.34159152092869743,0.8629578450219191,0.8623815571697958,0.388073298085853,1.1381084900544465,1.1260817572515631,0.8673657050703164
12,-1.445539826677276,False,False,False,-0.09706854066312368,-0.12507902858018985,-0.01780516461003482,0.06566237043624171,0.07361035596327106,0.04067393029243653,0.13627592038981234,0.13372859439353205,0.09586275125359156,0.3806431855976737,0.3811849629083989,0.3420108822754115,0.8637745145543296,0.8625752716614838,0.392398185548927,1.1256905458784892,1.1114750504924364,0.8682594710861753
13,-1.4410956135389463,False,False,False,-0.1054044341653645,-0.13673854268400323,-0.018348740025387045,0.06503581036236898,0.07247470321983758,0.03834614334362055,0.1389235657089448,0.13541126385752975,0.09722562758800259,0.3841360962582225,0.38409013522680463,0.3411603494955799,0.8635077211065495,0.861507560653265,0.3969624873669222,1.1128138852068103,1.0962771674774212,0.869150371115677
14,-1.4363860637716868,False,False,False,-0.10975405538719842,-0.14348536367131237,-0.018518557079176785,0.06559680013025071,0.0726457861131446,0.03662272391644005,0.14257125310020644,0.13806391452524586,0.09903398401550216,0.3879538791104441,0.38732938545192747,0.3412068992947901,0.8643555705917186,0.861643331755754,0.4016391114814113,1.105133956214326,1.0867795897011843,0.8704787419185519
15,-1.4319180931325852,False,False,False,-0.11654705040552159,-0.15224430082898155,-0.018387032203622887,0.06618129508039375,0.0731669215487299,0.03389600764274526,0.14600591296003385,0.1407611731977154,0.10085071596171373,0.3916692074234036,0.39056303648872703,0.34190538832155665,0.8653997566474428,0.8620545087140319,0.4061657260627969,1.094827608039443,1.0746666418529638,0.8717249298019234
16,-1.4274781384689093,False,False,False,-0.12174015905538964,-0.1575201812083325,-0.01817235183180925,0.06504924416734463,0.07394462891467281,0.03076410725042459,0.15029554467535536,0.14390768729024261,0.1007445279793046,0.39555829634420686,0.3940438505351394,0.34369383273592374,0.8669544872622618,0.8635025639648559,0.4104084365801895,1.0893337730513728,1.0669778687819902,0.8728865698887376
17,-1.4137636013194739,False,False,False,-0.14697260009112034,-0.18383709222765315,-0.02038360162802527,0.06619386225689937,0.0750419328217922,0.023694807196286506,0.15203281310638814,0.14515522906068565,0.10105857942832715,0.39799233553632246,0.3962992169289634,0.34479116471984944,0.8709133435617878,0.8674654850887805,0.4134185874215324,1.1054842458780314,1.080075269942031,0.8759092169003632
18,-1.400247515041029,False,False,False,-0.17147352133546145,-0.20982556399241004,-0.02288287934489402,0.06710176057329555,0.07614291066797506,0.01787995588249721,0.15361872474667365,0.1463350792314941,0.1008622131883584,0.4003012480252478,0.39841041694993046,0.3472329323763977,0.8751117739838942,0.8715388416180965,0.415658495819581,1.1173446108937262,1.0888185567526074,0.8789580941521896
19,-1.3870905773662907,False,False,False,-0.19138939753738718,-0.23047410136825203,-0.027461012190274515,0.06811042672766766,0.07718843248010031,0.012422633786162854,0.1553370457241703,0.14762661191696985,0.10033025222921589,0.4025209605489666,0.4004826863303904,0.34834235743625586,0.8788183388336462,0.875294356968524,0.41909072472920217,1.127737477936643,1.0967057978113022,0.8822698254435242
20,-1.374141028135552,False,False,False,-0.20970612364530097,-0.2486939429174599,-0.031621957184645416,0.06905317029614916,0.07818282482758443,0.010278452550095254,0.15710338900489898,0.14902189552775721,0.09942381444892201,0.4046541198908355,0.40252734768137377,0.35085012863573845,0.8824406711754916,0.8791247639065128,0.4217148917305906,1.1362274131880812,1.1035651836139382,0.8855264051469597
21,-1.3613887179784683,False,False,False,-0.22989662894601948,-0.2676646128289964,-0.03673929157185209,0.0699433460047895,0.0790909036583202,0.008492014776463202,0.15897445892684034,0.15052468563861485,0.0983270097085097,0.4066994112763423,0.40456680698094666,0.3534769189788589,0.8859289194212995,0.8830770857640379,0.42401246219065397,1.143278708942042,1.1100306567373361,0.8891314233906312
22,-1.348756274594377,False,False,False,-0.2534972902631988,-0.288965509063066,-0.04214421280501633,0.0708028357330031,0.07989104014189008,0.006583508693827661,0.16108613515300677,0.15214114639524878,0.097267157104831,0.40872524232078644,0.4066378124063638,0.3558161816798435,0.8892628738356608,0.8870640246757041,0.42642567624123096,1.1494039591970016,1.1167775911269882,0.8926330961942536
23,-1.3360424630644006,False,False,False,-0.28042148474053435,-0.31340783302215147,-0.0488474093915167,0.0712783148924689,0.08065049814658255,0.004709325743536745,0.16294678371173635,0.15373605750551486,0.09618399799169927,0.410802140481528,0.4087891474841178,0.35970783710296955,0.8933847914496086,0.8919385841771672,0.4270039641506735,1.1539843829741634,1.122960449473482,0.895698588291203
24,-1.32344017161644,False,False,False,-0.31097573692490255,-0.33996319193432645,-0.05576726315950291,0.07180549107130649,0.08130731384939074,0.0028746297140708104,0.16512513882435856,0.1554780041604102,0.09494874021963143,0.41289986904775594,0.4109957699266673,0.36274905746871233,0.897220241862948,0.896677078662706,0.42835128953661833,1.157193412587839,1.1293537933857012,0.8996154225798181
25,-1.3108590744612054,False,False,False,-0.35108459345621995,-0.3741304256490947,-0.06452576407135142,0.07219037996274111,0.08188218779392628,0.0005773500318523052,0.1672027180966155,0.15729158784851643,0.09412073179686019,0.41512579654683657,0.4133436357665533,0.3659274601757514,0.9016729903216116,0.9020096860322184,0.42942349436804356,1.159969786372336,1.1370950291365371,0.9037523332705434
26,-1.2982405535057848,False,False,False,-0.4005454254509837,-0.4149496689513235,-0.0744800029503824,0.07271316075364177,0.08233215905419444,-0.0023238253874537053,0.16976164608204863,0.15938316874628677,0.09313039594269107,0.41777665541893355,0.4160225148347006,0.36772881088160153,0.9069091155822898,0.9079408709916171,0.43072038140571206,1.1657369801276296,1.150220402921738,0.9083746334655582
27,-1.2859098988943227,False,False,False,-0.4420015109639232,-0.4509755701071347,-0.08182256478245495,0.0729385471298741,0.08267094843774297,-0.0037450038837536456,0.17178317318751937,0.16145366823647964,0.09233219810262666,0.4201590758910247,0.4183314413882995,0.3701757649673847,0.9118574859581472,0.9129965100371666,0.4319743312853,1.1649712410893929,1.1547144353313337,0.9129212457529066
28,-1.2736094611850106,False,False,False,-0.4660862166714573,-0.4728014821200926,-0.08628268211652246,0.07299232040598617,0.08290718414443046,-0.003743559796050218,0.17346002179198106,0.16360557043717294,0.09237202890893251,0.42267879075742076,0.4207102186777108,0.37414506667175107,0.9170695230158086,0.9180100684441919,0.4332597139966939,1.164857232554431,1.1578096723977211,0.9173888658749687
29,-1.2612820777156941,False,False,False,-0.48400165362407505,-0.4899830444387277,-0.09028767777574616,0.07284341031254903,0.08306517720864383,-0.0033340445771770696,0.17481997753925174,0.16581635578520118,0.09289997012037951,0.42537489782823557,0.42319519572043174,0.3780583838160398,0.9228267238124649,0.9233000981689155,0.4347448503563777,1.1654834227986004,1.1608877437056377,0.9217440041021853
30,-1.2488193510592884,False,False,False,-0.49371469902781917,-0.5008793221921201,-0.0942578069820145,0.07260003050357683,0.08315510703267544,-0.0024958276079641395,0.17596192829672772,0.1682152627857508,0.0940594086975495,0.42840472370731225,0.4259867689522338,0.38137576399497736,0.9294365334003405,0.9292415257585134,0.43705920792800695,1.1704822234307442,1.1675927718742736,0.9259579354391069
31,-1.2366474164730041,False,False,False,-0.5100703586959013,-0.5194727731454571,-0.09792431533148718,0.07220989226172407,0.08311852198302096,-0.0014951904618830817,0.17723797564372443,0.170611301527634,0.09523855416598434,0.4310696836257493,0.42827579256109066,0.38594937310261057,0.9354017510111237,0.9340112090628279,0.43839670275918485,1.1644939030455363,1.1627559193957064,0.9298170156390483
32,-1.2243830645269032,False,False,False,-0.5123016551318722,-0.5244478964861471,-0.09928187774519216,0.07156380312050291,0.08298667035664968,-0.0003018713546501345,0.1782402291755159,0.1731764156207186,0.09565672011935011,0.43382039360165586,0.43081328393511653,0.39058805753519965,0.9414366930116498,0.939163619170163,0.44063053825476717,1.1621457627461822,1.1608664123277408,0.9345077263849599
33,-1.2006362156675898,False,False,False,-0.5460745156714192,-0.5558978622129146,-0.1061079331613803,0.07015125667541593,0.08169622036736453,0.00044437987946764846,0.1759010893140635,0.17116349047331186,0.0938968947767189,0.43338631910849157,0.4302024810827071,0.39195759485205656,0.9504554452191138,0.9476657565574648,0.43963661925016884,1.210217791159158,1.212017825715669,0.9412734394552219
34,-1.1774171720164144,False,False,False,-0.5805474551915906,-0.5873187110896027,-0.11272993336705862,0.06883829801248899,0.08047344718784685,0.0007893646249635746,0.17384081626780568,0.16925596404207022,0.09114358578348465,0.43266342900903815,0.4294114696833249,0.3936456764662522,0.9587110661720228,0.9556965426072619,0.43832058015280306,1.2527127506756794,1.2579248393633728,0.9466872392842507
35,-1.154687989016743,False,False,False,-0.6134237644510481,-0.6178360716671388,-0.11897506757144302,0.06765331326942418,0.07931804621020758,0.000986055790788722,0.17195703408511934,0.16750023249787008,0.08831343749551128,0.4316674662143562,0.4286078955361365,0.3957122270366692,0.9662460351735565,0.9633717937063074,0.43763664384361484,1.2907546890782544,1.298661380311066,0.9519330645477232
36,-1.1323773900875007,False,False,False,-0.6442003297534005,-0.6476289453245161,-0.1250534060491132,0.06650284818170432,0.07822141791713547,0.001307007348877272,0.17034306048616643,0.16580933974056994,0.08563973292499275,0.4305041415453625,0.4277374442994698,0.3976722352107879,0.9731845221904375,0.9706375092832006,0.4375142014633531,1.3261442541018962,1.3350040556968437,0.9590247171168851
37,-1.110435408684917,False,False,False,-0.6736870452852355,-0.6756166646168791,-0.13084904170922135,0.06516641608875345,0.07717455969137303,0.0017683905949261811,0.16905216678854407,0.16411095831524625,0.08361263181365218,0.42925578127414316,0.4267724721522027,0.3995060878505533,0.9796318522924345,0.9775360353731206,0.4368747010673561,1.3589157180302651,1.3676609015437824,0.9658011378306626
38,-1.0889231741565626,False,False,False,-0.7021903564968338,-0.7039142496900173,-0.13591354673884035,0.06372198361860389,0.07611271306067086,0.002164675114453839,0.16720439389052297,0.16239175597268907,0.0810977186790922,0.4278128492886818,0.4257580537358953,0.400447572054979,0.9857588312415342,0.9842560628463826,0.4370695438238036,1.3888488179580172,1.3975693892905445,0.9740180699635366
39,-1.067773637075371,False,False,False,-0.7279230110653637,-0.731269465532565,-0.14003313954849447,0.06254414179295761,0.07484807813901835,0.0022571456701778576,0.1653835649179259,0.1608370936805732,0.07739613574976986,0.4263933624447886,0.4250692559685804,0.4001383012329253,0.9918265450049629,0.9909579392738374,0.4381498838639362,1.4150487637017304,1.424011649622897,0.9825534294251115
40,-1.0469569558593856,False,False,False,-0.7523332577491021,-0.7559082970365142,-0.14319639816387553,0.06128230968032462,0.07366114378751312,0.0022851222707642987,0.16359412319237862,0.1593571547284112,0.07340556909234602,0.4250186506849021,0.42408591590034694,0.40104133037388484,0.998062986561943,0.9973671382085777,0.4382196498874052,1.438510367895065,1.4478788714778568,0.9909168659760839
41,-1.0264443629749158,False,False,False,-0.7748466528300729,-0.7784599209310235,-0.14657351054988774,0.06007202590129824,0.07243779721369753,0.002589555934663964,0.16181297004511955,0.1580289996705122,0.07032567054151802,0.4236662655328696,0.423129655090356,0.4019850541379458,1.004361758593762,1.0036877682737906,0.43813667648488236,1.4593172040527962,1.469593167571331,0.9988975414238536
42,-1.0062470536300572,False,False,False,-0.7960452137897289,-0.7994632150021741,-0.14945816847907267,0.05884090313142694,0.07122686731114235,0.0026990182053615477,0.1602146525839928,0.15679166496636815,0.06678331572382085,0.4223487623789549,0.42215186542170785,0.40211853938682124,1.0105033280786544,1.0097828630618269,0.4376999772836998,1.4778494806122868,1.489269719558875,1.0046182913519768
43,-0.9863664632041189,False,False,False,-0.816125687532508,-0.8195402139621807,-0.1517397204250996,0.057532766691048294,0.07002079460918754,0.002607942684813394,0.15865134961573454,0.15561500265854677,0.06331314872287495,0.4210168541786352,0.4210920225876071,0.40204991595753486,1.016272651853761,1.0156493397044828,0.4376181125505064,1.494111911992278,1.5064805673859816,1.011204494481534
44,-0.9668176983172911,False,False,False,-0.8345711938543101,-0.8383600656444254,-0.15416285294884982,0.05618344945604482,0.0687641111635771,0.0026533077405124436,0.15710467491407956,0.1544984001670546,0.06034003707456711,0.4196669692657808,0.41999802873841857,0.40217771634567084,1.0214917631301808,1.0212957146870338,0.43778313533509466,1.5080682386804285,1.5210366792098606,1.0162518727806265
45,-0.9476130554911235,False,False,False,-0.850928401758165,-0.8559012945730121,-0.1563762439617806,0.05487887869530239,0.06749744345653547,0.002976749811030891,0.1555826414431699,0.15338920836987824,0.058172987260727275,0.4183382677268208,0.4189053432753337,0.4028972920056603,1.0262084536600298,1.026576653007754,0.43868785317909154,1.5203136519840652,1.533821245424812,1.0212010650989545
46,-0.9287614117916438,False,False,False,-0.8664121897018857,-0.8726760436936972,-0.1577939366938317,0.053527704575037735,0.06623245625509519,0.0030924233592314223,0.15418371740100134,0.15231498880134783,0.0561633218353154,0.4170430943229589,0.4177718174986271,0.4051473228672629,1.0305333216588175,1.0315677574876272,0.4386787637567815,1.5303407328365881,1.5446002290113268,1.0257535603172778
47,-0.9102703019032661,False,False,False,-0.8807519577787905,-0.8885401744940459,-0.15882079678292851,0.05222891202514678,0.06487867125924761,0.002978319828543968,0.1527826148278415,0.1513132551957289,0.05321481403710024,0.4157557947914592,0.4166672702556391,0.40563554704020016,1.034651923790955,1.0363432709030418,0.43929146687488024,1.5382162645710429,1.5528631573235097,1.0293327114435178
48,-0.8921443343369255,False,False,False,-0.8942144823572957,-0.9036466007986451,-0.1597725727301849,0.05090514781931351,0.0635462146728227,0.0030747032143053628,0.15142019485301678,0.15032807223725145,0.0512558572087482,0.4144412862009398,0.4155182623720243,0.407528486300913,1.0387378551749664,1.04073429382702,0.4390604029332715,1.5443169080587358,1.5592203497128831,1.032235578714351
49,-0.8618946306620496,False,False,False,-0.8812005132769956,-0.8925783343358613,-0.15533715580010213,0.04955761979590372,0.06207092610802748,0.003251047446272723,0.14881044663056098,0.14757605662584294,0.04981760357707197,0.412389640090069,0.41386869000443827,0.4095215119457231,1.0471453653133507,1.049275920641492,0.43916551927136455,1.6059376240318326,1.6225391489816479,1.0389785563925316
50,-0.8322709439924107,False,False,False,-0.8700139888609897,-0.8833848903002149,-0.14982822511002006,0.048146176839869693,0.06070738088279773,0.002952059727442401,0.1462862185267697,0.14470197964916562,0.04782377465416415,0.40969689059976927,0.411861600185367,0.4136912015863715,1.0536556656005018,1.056130386671278,0.43670296953299254,1.6555948951745816,1.6742953792389494,1.0460747636077525
51,-0.8032717146952975,False,False,False,-0.8592037076315048,-0.8732392811400888,-0.14256299948718668,0.046831590242573266,0.05940069707351682,0.0020229556277437124,0.14375941956810384,0.14187151447529286,0.04621932825568139,0.40652476158719564,0.40955925558758216,0.41556394309571204,1.0580846088328972,1.06129984811683,0.43661570191164323,1.694959360904202,1.7146252893504692,1.0522576662505283
52,-0.7748378357133037,False,False,False,-0.8489807914538692,-0.863453415349299,-0.1369311458097751,0.045668811255584627,0.05824946979652502,0.001114317342388039,0.14126976932844285,0.13902373758226202,0.04572911421655203,0.4030244844356911,0.4068827554866876,0.41690683763875974,1.0606697518768686,1.0648643315765511,0.43718077714126174,1.7270339324471735,1.747077453971547,1.0560904398995166
53,-0.7469359485643909,False,False,False,-0.8371146272432792,-0.8499548251079537,-0.13064462256604406,0.044668600780874826,0.05712972135155556,0.00017383653896498017,0.13902867597308502,0.1361558020097367,0.046325933657530426,0.3993343445079899,0.40362700829460174,0.4152834987221617,1.0611930362311628,1.0664475159567859,0.4422262190161773,1.752366249941554,1.7717682273349642,1.060713415089847
54,-0.7195306912726762,False,False,False,-0.8226889598718656,-0.8343098018739332,-0.12353543432113095,0.04390483983804066,0.056143045691791134,-0.000820014510316024,0.1367035395266,0.13325395699330478,0.046865060262771395,0.39558737106545677,0.4001067808332345,0.4123917802915794,1.0598543563926535,1.0656406588570482,0.4493442219895152,1.7727967752107783,1.7923053330097536,1.0640463275692225
55,-0.6926143808630278,False,False,False,-0.8068235991127193,-0.8150829204439687,-0.11620849837001687,0.043358151502077336,0.055378571758066424,-0.001966997491453126,0.13464453258904588,0.1305188621733571,0.04685012031868687,0.3918491400025949,0.396535437108804,0.40858422505994646,1.05680765636998,1.061786138466955,0.45641957214199447,1.7885356834438613,1.809380869414502,1.0632041314517748
56,-0.6661433966807091,False,False,False,-0.7910341152993862,-0.7953196764521224,-0.10936949985459445,0.04275727520321315,0.054894773877617625,-0.0026240172628369213,0.13256814616186263,0.1278971393864,0.04735703278734103,0.3878432370588422,0.392611937620521,0.4054693623325043,1.04960980760364,1.0534213545658735,0.4636785343294701,1.800803600902339,1.8218966922337234,1.0651618863645584
57,-0.6401191328328,False,False,False,-0.7719605933656875,-0.7732825394539526,-0.10371559683873682,0.04252255908099118,0.05459101459313454,-0.0026049768267380966,0.13063599577324453,0.1253748884100465,0.047056981871070075,0.3832693712862709,0.38821490328427066,0.402125115998093,1.0328833709640173,1.0378142716096321,0.4693646860121768,1.8100679618453392,1.829851555416871,1.061069178478429
58,-0.6145081681100932,False,False,False,-0.7503363936610142,-0.7504323739370423,-0.09899023088622017,0.04257765873601161,0.05450486629264769,-0.0017869190824558075,0.1288573674078121,0.12288528162301408,0.04707949972395172,0.3775948062076857,0.38305115076806556,0.39975118220552214,0.9965412143238633,1.0092596037493806,0.47528898206753606,1.7354084459376498,1.783148268664541,1.0506490410577038
59,-0.589304292648853,False,False,False,-0.7251254102656705,-0.724130584785402,-0.0947358915202148,0.04295876249443668,0.05465345165510281,-0.0006160494031900737,0.1271682025588279,0.12049614572197004,0.04501801522606202,0.3695354879773878,0.37632358493825757,0.39606787301730856,0.9210123833756475,0.9527763762834368,0.48068354310201283,1.6103164359698714,1.6741654508857242,1.0273967400183752
60,-0.5644873935225243,False,False,False,-0.6985821906534353,-0.6952023204807398,-0.09023977739526087,0.043512313017666296,0.05509295887340612,0.0008949665984056024,0.12564847322019249,0.11817842190739357,0.04132815791181859,0.354822419207083,0.36480545544863563,0.39082935616750913,0.7779351583293759,0.830645869318321,0.4841979221575113,1.4724567104293331,1.5283466860457846,0.977870233168192
61,-0.540042073735387,False,False,False,-0.6696970269020053,-0.6674818331829955,-0.08599637962874053,0.044299151638102524,0.05571930585161071,0.0029155292642424517,0.12426641159472568,0.11601340943576169,0.038223869216999176,0.30267474856095283,0.32481726003793343,0.38320404775535954,0.5548495606720633,0.5921060095750353,0.48780027723513797,1.3612044524349982,1.39212219369714,0.8480180832180875
62,-0.5159544752106335,False,False,False,-0.6404765596249864,-0.6408003538336909,-0.08326990679100184,-0.007056142096497474,0.03041168061643894,0.0040997801610477055,0.04526046494385666,0.05681228737936567,0.034397812866499365,0.1231225395409028,0.11421707201721515,0.3477611645361961,0.4185424236842686,0.4218661145260502,0.4893256470364906,1.2892580242781622,1.3071123971850687,0.5219157498803793
63,-0.4922076276281784,False,False,False,-0.6322155603065522,-0.6173527742501445,-0.1377638178906238,-0.5973312337112319,-0.5533079303994285,-0.05848786330457731,0.0463115093357345,0.05803350648107972,0.015592982081420013,0.1221483980424464,0.11260528191284176,0.036139096972020106,0.392829609082174,0.3947796943091615,0.39831800385078053,1.248870791555362,1.2614136570595809,0.49283884494510627
64,-0.4687898767812768,False,False,False,-1.4077251002129518,-1.2646762844400887,-0.7691885463255648,-0.5699961839973289,-0.5784708344323418,-0.0721480260884573,0.047698822097689386,0.0593478113628223,0.012944783342056508,0.1216087320516904,0.11153445251902334,0.02947930697857845,0.3830279955237379,0.38510464852170373,0.3883978981133966,1.226444675074304,1.2356657309256573,0.49652529017008656
65,-0.4340471353125286,False,False,False,-2.60868662774191,-2.4171004268322176,-1.8731560644179486,-0.5151594621636119,-0.524997258205045,-0.06841537073700851,0.04778673790931336,0.05907172480552651,0.01526514296804706,0.12005979255647369,0.10986065410526037,0.025962962380162335,0.37368307905614395,0.3757119909759123,0.3811605771885432,1.2045946297434174,1.2104788037769418,0.5068270576273236
66,-0.3997994402203102,False,False,False,-3.7338232046620408,-3.659781900325744,-3.2633366725475677,-0.4593882013584812,-0.4624760013534436,-0.06488960616504894,0.04799250808689632,0.05897803139405439,0.017025518066530666,0.11892008789304571,0.10906738112769426,0.02616688659492481,0.3674070526865789,0.3688155999878607,0.3746882623029323,1.1921059761915545,1.1964233456039035,0.5202945746747742
67,-0.366006203509295,False,False,False,-5.087919045772015,-4.954224097297155,-4.730415201912932,-0.4029910420600099,-0.398594285818761,-0.06382213085063658,0.04827656793447004,0.05869407538929536,0.01669097439978845,0.11854646729600371,0.10919677057309804,0.03206422560174856,0.36217548491316015,0.3630697294220692,0.3679871790069748,1.1837745535763415,1.1878684649092117,0.5392136994790379
68,-0.33262769295077743,False,False,False,-6.374881185526888,-6.258975235418494,-6.129852634013425,-0.3429527256491459,-0.3373992541139902,-0.06530426241729846,0.04893189481767554,0.05830657896216814,0.016419527679083556,0.11874837733769701,0.11016558438005711,0.04186635551815641,0.3575291864000128,0.357606310590735,0.3612538401417149,1.1780242276316921,1.1818643549652434,0.5601211557159878
69,-0.29962136564333597,False,False,False,-7.557753662296931,-7.564858872832555,-7.5911601424515185,-0.2826988524974259,-0.27546248814138197,-0.06920702409935314,0.04954266477948346,0.05788512050885246,0.017353579523237083,0.11998449577962893,0.11235957094890116,0.050483526460552056,0.3523698451741644,0.3524102740346758,0.3548911658071802,1.1738343464991865,1.1773402389186858,0.5828458436821515
70,-0.2669417344987952,False,False,False,-9.157124874008673,-8.853508883269212,-9.036063006343715,-0.2200168420044663,-0.21211135197987122,-0.07458065367647211,0.050173001123129266,0.057418424057212494,0.019282695751403105,0.1227986793907059,0.11630000512534774,0.05773356622556513,0.34689990357440725,0.34808954226191524,0.34903232560976044,1.1702802153349658,1.1742270271195414,0.6016511665922459
71,-0.23448714293579775,False,False,False,-10.23997441806906,-10.060137737419717,-10.638690416231972,-0.15167080151189097,-0.14418409858214815,-0.08010778298225095,0.05141564530719488,0.05734535209478559,0.022516947082326426,0.12836476355357698,0.12394099959789304,0.06441896236694304,0.34219318811852356,0.3441585808921264,0.3421811529002972,1.1675012790705965,1.1720327917085156,0.6195728423396453
72,-0.20242932869943098,False,False,False,-10.895102962987657,-11.125663979363036,-11.929247041176435,-0.08596376020246756,-0.08421819637424183,-0.08784456318445272,0.05398021334082524,0.05650518063812861,0.02395153465096544,0.13977244630534105,0.1366717481859637,0.07274514122772889,0.33803585060828745,0.33967932696835157,0.33651089477638196,1.1660284775916696,1.1689013711410756,0.6272476518248105
73,-0.17063967244287936,False,False,False,-12.008189409151663,-12.099682780223304,-13.01994847510912,-0.03704582687484047,-0.03620008993190668,-0.09336454464778109,0.05600006719084365,0.056343752846723716,0.027828005583084844,0.1546506292346733,0.1533337548886148,0.07729081547573001,0.33342009632017333,0.33560296935777545,0.3308714748663174,1.1641927836038763,1.1669978297796786,0.640176580625782
74,-0.13894535910158523,False,False,False,-13.175477409180642,-12.95451675972539,-13.898349922467363,0.00330000490406599,0.005475059952913676,-0.09891988982221771,0.06095746612609124,0.05821006086314329,0.0313835433008812,0.18440419573203992,0.18415617984144866,0.08515806726697324,0.3290794651960528,0.33138064464293004,0.3251422153348482,1.162114050743302,1.1649761114467243,0.655010017454203
75,-0.10753555916319812,False,False,False,-13.776742742621076,-13.647421790594356,-14.61067363204732,0.02479670476423871,0.02871641434963266,-0.1038271832897682,0.06930161198446687,0.06422385977139435,0.0349743505206467,0.22948400102391686,0.2315086272968811,0.09420740777720461,0.3254332209466179,0.32751124135732895,0.31962167620463294,1.1604910801967039,1.1629525355390504,0.6693821645823772
76,-0.0762512164244804,False,False,False,-13.962362957670278,-14.179072775813841,-14.961906160755253,0.03322768394551304,0.03593353820635788,-0.10711211457974235,0.07871120472065848,0.07365045294115863,0.03812443142351588,0.2883150410067706,0.29465638389464355,0.10500621652547582,0.32223517288222153,0.3237881414795089,0.3146154908638932,1.1593997302382144,1.1603885759999886,0.68154666211966
77,-0.045078941962010344,False,False,False,-14.347045296508316,-14.56915374745815,-15.342392950409874,0.036066033057474446,0.03684100728630889,-0.11339430160795178,0.08610334397741684,0.08138570249292064,0.04107729735967942,0.31868483695696237,0.3193676115532783,0.11756950389837519,0.353505425663865,0.3656422377657688,0.3098178602380941,1.1583007489532064,1.1581341566244538,0.694842159572901
78,-0.014002308765508786,False,False,False,-14.808613144744589,-14.818526662749054,-15.37584174232282,0.03672683028539481,0.03607299146873187,-0.12148624175980095,0.091543336175214,0.0867059736535336,0.04332539677790838,0.3149579751883691,0.3153312367649934,0.12919744581448014,0.4220365602570453,0.43762434156148494,0.30539502347408093,1.1570642615900248,1.1561526340119084,0.7081282361480099
79,0.01699796470208459,False,False,False,-14.981788202993783,-14.91075331307923,-15.220199315103093,0.036291416888478215,0.03491867886333313,-0.13081248453105998,0.09549006351745482,0.09067498603807654,0.044820745876070045,0.3113221601152885,0.3111289762274993,0.14078183625273352,0.4904217234347601,0.5106761623329972,0.30058456007869455,1.15603706579928,1.1543163724203023,0.7206266440271553
80,0.04794314613606443,False,False,True,-14.827625925252681,-14.838532176560607,-15.070035002759465,0.035278868729812216,0.03343901585009609,-0.14280587822417373,0.0984326474285812,0.09363021647804408,0.04569207809403689,0.30778461700949117,0.30670197615587685,0.15142260364305482,0.5578124007179546,0.5791337189698675,0.2964883952209157,1.1550592527179833,1.1522816357041028,0.7309212052062856
81,0.07806209015720111,False,False,False,-14.2805784770861,-14.572216819895374,-15.002402128476374,0.03441386147017062,0.03279993406098099,-0.1549453903470135,0.10109773802436078,0.0958179724324718,0.046550085967470754,0.30399647354978965,0.302511767307514,0.16191086764616647,0.631086611470472,0.6462966583659523,0.2927823232372185,1.1517859481117527,1.1484959952205538,0.7474898413395568
82,0.10796144235930383,False,False,False,-13.837699552591841,-14.149010607598168,-14.674213241442514,0.03270066561752253,0.030784579677235788,-0.16712842683484438,0.10306247535046781,0.09730368831609953,0.04703025708463948,0.2997798118204391,0.2981207086999307,0.17146009428349765,0.6989891399379595,0.7135527839582863,0.28987819340379184,1.1487192999826066,1.1450561412367481,0.7615887164169146
83,0.1374930523460549,False,False,False,-13.64929806713353,-13.55485740696118,-13.925319672271185,0.031157882898155524,0.028944309829620967,-0.17824105129753537,0.10458717538581322,0.09827255744191786,0.04794078266188215,0.29492366463929176,0.2940966898182653,0.18016822695356077,0.7647158087117178,0.7790996292108607,0.28700574361183795,1.1455003801165518,1.141775117065746,0.7813105942337946
84,0.16669331680448418,False,False,False,-13.054388987202833,-12.82988561638791,-13.353388671054454,0.029630199797940425,0.027420772685155047,-0.18715289159963455,0.10565630053239011,0.09893009098786952,0.04870474618385464,0.29041159239297215,0.2904115794740087,0.189114242832823,0.8284141028013012,0.8415185668740531,0.2840604243545438,1.1420676145187312,1.1388210451691057,0.8064637077754278
85,0.19562976483425376,False,False,False,-11.971206505269574,-11.983303316966293,-12.527251650336696,0.02787572666847682,0.025744197412839568,-0.19267457890920378,0.1062609649511342,0.09922630664214604,0.04928546278153059,0.2862396519344875,0.2861458815148773,0.19758761105420422,0.8888869010349598,0.900849918247784,0.27998005306792795,1.1388638821082306,1.1362466512008405,0.8291986613056963
86,0.22433331089972985,False,False,False,-10.740882239226027,-11.00314245874098,-11.485587633093349,0.025963302770952434,0.023952472299109222,-0.1937929563313597,0.10648078140786922,0.09901514654738455,0.049845407790687295,0.28197122740720565,0.2815890416953652,0.20562700577489995,0.9445973146771087,0.9568823897681231,0.2756895523454882,1.1359541361411813,1.1339026431687553,0.8453666773077979
87,0.25414862033752805,False,False,False,-9.546288509688445,-9.896426970878576,-10.183527476517154,0.024412436344803813,0.022548974352594026,-0.19185710331987368,0.1065745490793885,0.09868836710945599,0.05050377404733989,0.27820335972444293,0.27759829587652285,0.21478815351222907,0.9910624482060304,1.0052865159196855,0.2720782859406297,1.1345047881183354,1.1321179431467965,0.8533842954920929
88,0.28445222194346287,False,False,False,-8.542340072202117,-8.68606353408638,-8.669019100042378,0.0230199962085484,0.021417040199076764,-0.18938884056365551,0.1063370906547196,0.0981759094896457,0.05062136975389988,0.2739206114896358,0.2735659608164474,0.2243202734441544,1.0308895083240266,1.0433372459010106,0.26862392877877844,1.133623096996545,1.1302165228939693,0.8616250428300646
89,0.313902341462156,False,False,False,-7.415036964549769,-7.352732932205564,-7.4467604362346,0.021798855679682136,0.020692792837581762,-0.18819344187000522,0.10612371740356462,0.09757105324818895,0.050585193167066465,0.26997192874084897,0.2694272007256726,0.23470189166084363,1.0700585127956617,1.0829847518644258,0.2649854941046022,1.1323073742406102,1.1287760635577022,0.8733268432169407
90,0.343382687142185,False,False,False,-5.8493000667065544,-5.968299690580438,-6.160602624600049,0.019727803696138718,0.018890263420420557,-0.18818766250026597,0.10531273631138079,0.09619766591666187,0.04983930438703249,0.2666680381552772,0.26480110577189997,0.24259720077463973,1.1042089994448498,1.1153340824276279,0.26218518779158434,1.1308108460257094,1.1284140551187443,0.8785781593952539
91,0.37294929364209306,False,False,False,-4.409500955860291,-4.568249133932142,-4.769500799516798,0.016972509329792603,0.016307590606166364,-0.18912015235297994,0.10416937260540242,0.09418386482142771,0.04890736994952204,0.2630612956467475,0.26029783504253995,0.2495626097927267,1.1309615335281982,1.1256493001116321,0.2596640000873696,1.135815318363961,1.1484619318295632,0.8819127599734337
92,0.40234376979455977,False,False,False,-3.2578545167737962,-3.241184699411022,-3.2966562155612373,0.01625745559552571,0.015903776849072276,-0.18986630147135283,0.10378493102090774,0.09274862796980815,0.048208755226349896,0.2591869868054196,0.255842431885786,0.2543430178565969,1.131686457539491,1.1260337843250205,0.26123469991684084,1.1594966009514371,1.1709268842931535,0.8900590166403277
93,0.4321807605167147,False,False,False,-1.9774598719691212,-1.998928603533842,-1.9152461505062532,0.014274731869724656,0.01444405852086346,-0.1888355322658887,0.1027401064839067,0.0912922508259652,0.04760047184161644,0.2557524973514597,0.2522630774420069,0.2535343361321578,1.1334998595456889,1.129046837371763,0.2665424088832574,1.1789152920274075,1.1940270759862452,0.8928394780057225
94,0.461915538709595,False,False,False,-0.8134283076263075,-0.9167419057407985,-0.8286814427262742,0.012790451627527068,0.013624323474128584,-0.18723486076942808,0.1015757484493405,0.09007100201129213,0.046644833445721005,0.2525934111657411,0.24918308769558775,0.2515424991346031,1.1390967896741186,1.134630762611749,0.2741513667185959,1.1962946749682422,1.209928839419207,0.8887753921792808
95,0.4913958776813958,False,False,False,-0.08044194319925785,-0.08262611151365157,-0.18500074413056034,0.0115621058796212,0.012961344858585739,-0.1048075161712171,0.10054442018934345,0.08897702334835425,0.04558588820842115,0.25026232653263314,0.2489484284118999,0.2493759330968434,1.1497735037024874,1.1471637248967819,0.2811797338547623,1.2046248315093708,1.2163811597591845,0.8785851154831894
96,0.5212396815975511,False,False,False,0.01032628520880546,0.011820417398231546,-0.18216207574233215,0.09925789355928455,0.0870699073876752,0.04407175238096439,0.24307425841926059,0.2390502557481854,0.2430297209030288,0.4487485041111667,0.48791524508191,0.27180915349798973,1.1677884704877564,1.1714693083850503,0.4703299982085601,1.2094260604829914,1.2193180451655858,0.8667084123412403
97,0.5394749706762276,False,False,False,0.011104905397079243,0.01299060007381489,-0.17983189977315236,0.09963082340602233,0.08737675188681057,0.044144480120335526,0.24591678246268886,0.24218041540425386,0.24418058934168477,0.6841382827013913,0.690855774200387,0.28197601089426194,1.1903151571768844,1.1969252270595905,0.6815221215966413,1.2462160412779943,1.2570298303319805,0.8684570886057632
98,0.5578947610892884,False,False,False,0.011912001906708769,0.014144421452842627,-0.1773725257558618,0.09997456200716993,0.08758781717577606,0.04419415280056194,0.2476034956690308,0.24367700044089158,0.24476474310451599,0.8455390280742278,0.8287528226673392,0.2891616833867069,1.2268195996917821,1.2318965358809624,0.8420515449266824,1.2812738064838987,1.293196292411212,0.8731387929550506
99,0.5765051140471098,False,False,False,0.012826918590236817,0.015281546488002633,-0.17443284389739822,0.10031624232425233,0.08775255371675027,0.04448190551227828,0.24886222791410595,0.24489270288133827,0.24538404845908218,0.9323538431056446,0.9147321903998761,0.29589930075956683,1.2707208499835918,1.2749839486304668,0.8727983141458813,1.3141877000858875,1.327481581868661,0.9559916784202014
100,0.5952965255825311,False,False,False,0.013860463596396063,0.016410347625005837,-0.17115118417738148,0.10056755188935299,0.08788857050492711,0.045009475320984996,0.2498834904140757,0.24607407167454842,0.24616591562339543,0.9776210871818191,0.964781542875782,0.30207443699060843,1.3124552644876681,1.3195442255294763,0.8775949666782498,1.3453912390106864,1.3599837523056004,1.011091192734725
101,0.6143127760357368,False,False,False,0.014585013206005203,0.017581968158304068,-0.1681070188066877,0.10072425748330628,0.08792554483263137,0.04543820881065861,0.25085512465465704,0.24724608870652903,0.246821840257108,1.0044093661351243,0.9936040572778805,0.3087157222066044,1.3495666357741505,1.3591042856723734,0.8820366943391569,1.3741552078619215,1.390264328291036,1.0443013119263986
102,0.6335266171527127,False,False,False,0.015442680070630536,0.01878313808861486,-0.1637760635176609,0.10072672363192736,0.08796745355330245,0.04603300922017929,0.2518027036810961,0.2483665780752146,0.24735700598835747,1.0203678226210415,1.0110442387700236,0.31453630654916714,1.3787728002023503,1.390652668839827,0.8855144421226921,1.4015073839632326,1.4188169101589698,1.0572567928075216
103,0.6528812797995875,False,False,False,0.01646810403399084,0.019927801453957984,-0.1587062315146028,0.1009861000132047,0.08793962294017509,0.04651720894417894,0.2528606300184065,0.24961257546473833,0.24819756050518732,1.0304383317589432,1.0230092438991798,0.32064195422071107,1.3985796377567465,1.416485761000032,0.8872342469840344,1.4287577262573095,1.4458306256614704,1.0641691883725606
104,0.6725298338959715,False,False,False,0.01692908408173353,0.021127186382928122,-0.15269058479438216,0.10089932768156701,0.08787177763528248,0.04692428397599483,0.25390924972795187,0.2509311612176662,0.248646192510047,1.0388002705203931,1.0307647605615273,0.3279443554014329,1.4170317016895522,1.435455418539242,0.8874799199646554,1.4466500185886833,1.464515947856148,1.0690834306063703
105,0.6924207163786966,False,False,False,0.01780897473563763,0.022108257692469886,-0.14682140763816273,0.10083807684769741,0.08775042097562616,0.04708347194576624,0.25516368318402727,0.25219721184186333,0.24929448604953192,1.0463257238073345,1.0361372956283836,0.33252335898588553,1.4365633094809906,1.4480543866939206,0.8810303376959127,1.4651140180835582,1.481721435241722,1.0721627960446265
106,0.7125148718233256,False,False,False,0.018667987700182243,0.023045938181038773,-0.14155317324204153,0.10085667685071616,0.08759620736400103,0.04733154060420679,0.25648116401199167,0.2534355605459557,0.2500708590300988,1.0511246084718386,1.0398512289106911,0.3361268338119847,1.4492697774444498,1.4562523358534814,0.8776034765475637,1.4802642421784833,1.494283649601154,1.074331189882219
107,0.732843477731244,False,False,False,0.019558278064612182,0.023868053011283565,-0.13667200121948084,0.10092344730916186,0.08739145121414514,0.04753035762833959,0.25772064028109376,0.2546637031027347,0.25085302093203793,1.0532285678289128,1.0426772095467165,0.3397823919031774,1.4521354007580767,1.4607887509179467,0.8743711895708128,1.4909636801262485,1.5022507688441262,1.0751045670490154
108,0.753424100061977,False,False,False,0.020233831065606285,0.024688034928836,-0.1309014063991773,0.10077018588895402,0.08706626637275511,0.047729770483352946,0.25883051449865446,0.25561008286821496,0.2516174598403362,1.053854213720704,1.044562155793955,0.34306459556472974,1.4486046885364614,1.4613924104258174,0.8703253321189741,1.4968768905227958,1.5046505321780763,1.0754552203572492
109,0.7742804395855531,False,False,False,0.021134834318042913,0.02538870651543897,-0.12494035609799148,0.10070938794783439,0.08661671525030189,0.04777903197426835,0.2599615100562606,0.2565688516057421,0.2526485178714884,1.0540154560681692,1.0459716699382655,0.3459033951082718,1.44275701211834,1.4595168668470022,0.8644041147788265,1.496736180695772,1.5001833746453053,1.0755265711071729
110,0.7954306698442688,False,False,False,0.021639378151931257,0.026176859286664942,-0.1183734283275258,0.10045524774168994,0.0860379470700723,0.048033082780522374,0.2611149828629586,0.2575975051317438,0.2537546474130237,1.0542976667057913,1.046667430507521,0.3492957144160333,1.4369442190996244,1.4550760827745801,0.8574431079311429,1.4884011509363058,1.489163758638722,1.0748095275486058
111,0.816902286106598,False,False,False,0.022430715915846708,0.0268982601634497,-0.1122429843569958,0.10024236357076992,0.08544220609561784,0.0483147781533955,0.2623941124927585,0.2589097812196001,0.2549434945098052,1.0547181120901767,1.046925878134843,0.35173970476423005,1.4317384941339526,1.4487761372163608,0.8482559700039723,1.4704783869317704,1.4714672720478128,1.0739832625977457
112,0.8387131108749956,False,False,False,0.02327903766160757,0.027616405846799925,-0.10640966981553983,0.10006807237713096,0.08477608752924962,0.04848284000773676,0.26370990742875927,0.2604242581271592,0.25613788868491094,1.054850056556605,1.0468064332365905,0.35337798108071916,1.4250637237177621,1.4394650632465376,0.8371042992741916,1.4414964665978944,1.445376216494152,1.0726498811837377
113,0.8521340888694343,False,False,False,0.024526046438483603,0.028875503696379805,-0.10195758714169627,0.10076712779611638,0.08527047907882576,0.04934639019295812,0.2668163285877822,0.26342127150150724,0.258333792787363,1.0559343631142402,1.0474508613696396,0.35784348989234765,1.425932595628532,1.4377353577826981,0.8408900202026344,1.4492298339741096,1.453729219722662,1.0706647289519682
114,0.865184271749954,False,False,False,0.02551463516589043,0.03030236745405236,-0.09789749624108285,0.10170998539109324,0.0858679215462774,0.05046015998102281,0.2699569526447947,0.2665209786449504,0.26058056110002803,1.056418549694091,1.0477362589314545,0.3632755905885617,1.425112526563651,1.4373256809011532,0.8456080145519942,1.4579463687615148,1.4621266729019335,1.0691691750277101
115,0.8785668854189496,False,False,False,0.025984669072549052,0.031072082552698024,-0.09363422751817273,0.10161533676752375,0.08590153707229672,0.051541304803333306,0.2729885442426087,0.2695070301484683,0.26301600830109007,1.0565091704911052,1.0475824842630594,0.3681197166546849,1.4230117421689343,1.4351573629496812,0.8504787323466774,1.4650676723569682,1.4693111948923967,1.067417933409721
116,0.8945215198969702,False,False,False,0.025562943572454408,0.031283256656654726,-0.08951995764838402,0.10135123627738207,0.08544633523449567,0.05315207161125642,0.2757830728658122,0.27229957907949276,0.2652999363049621,1.0566009102019784,1.0476473214526223,0.3716667686439331,1.4171477408906408,1.4317102616482182,0.8501259189626069,1.4625367046038171,1.466472850330254,1.0650129372666628
117,0.9089700227304764,False,False,False,0.02618399961237689,0.03199133607054809,-0.08554580498889675,0.1013124345020198,0.08546871938145831,0.0542033631707007,0.27892366896023024,0.2753924871789887,0.2680455606968956,1.0569620724632744,1.0481232696226608,0.3758212746648608,1.4141324634729302,1.428584720539926,0.8528604931439103,1.4659157242923653,1.4698357992854518,1.063526381702646
118,0.9230076666713565,False,False,False,0.027045039671996292,0.03275564304806701,-0.0815177315447182,0.10162525689512499,0.08555168847316502,0.054783807528759686,0.2820964586086087,0.2785463783885337,0.2709658892531465,1.056867378774751,1.048583426148931,0.38115324885463703,1.4113503425666951,1.4256749822218324,0.8556627988744304,1.4699989310779842,1.4745065182252008,1.0633908478636873
119,0.9377258071032285,False,False,False,0.028172971718570864,0.034083084298174415,-0.07877440744230844,0.10237890086104504,0.08598832319031953,0.05627963073463734,0.28538126408983616,0.28163583917164625,0.27392167981997345,1.0572997582204628,1.0487705031789945,0.38591040770728624,1.4080800069705262,1.4225477185050963,0.8592212016586097,1.4724139011861903,1.475625747529789,1.0635908868121924
120,0.9545210750317907,False,False,False,0.028852404044465332,0.035352490483845006,-0.07299831370113372,0.10262797647308847,0.08608985495397156,0.05723097736384416,0.28808165102446187,0.28465163382698194,0.2765559588905714,1.0546410716139276,1.047679404262457,0.39464453153686063,1.4028222138527355,1.416156494358295,0.8645758117880804,1.45592872654068,1.4637424714406753,1.0620120892442206
121,0.9701067756122369,False,False,False,0.02955768138114468,0.03619874577706264,-0.07053227356814075,0.10300595692363279,0.08620510087155682,0.05878850413315762,0.291302202114559,0.28763126267827044,0.27937571711374576,1.0550152059570062,1.047378604659775,0.3955407296898552,1.3996953855805065,1.4127941272574318,0.8662284947957022,1.4512664988313608,1.4574883859146266,1.061225294962719
122,0.9857295668401432,False,False,False,0.030334751751048276,0.037458731933283466,-0.06627899697554247,0.10328641975176309,0.08649196941173572,0.05994724989545115,0.2944819010623071,0.2907896663873862,0.2821390525251123,1.0548634841751627,1.0473368742808387,0.399416727458682,1.3968707731101528,1.4091834620433763,0.8676038561147498,1.446386197934794,1.4532097564093187,1.059478855747439
123,1.0022688683348269,False,False,False,0.03099562837852515,0.0383258410741723,-0.06283417847901654,0.10379211125455333,0.0866186090808284,0.06075398893176704,0.297613711324174,0.29380980370188337,0.2851295679166923,1.054246766106945,1.0467031207443493,0.4024182132029835,1.3926265421097583,1.4047917607227733,0.8649874027926978,1.4340564664403508,1.4403592442723259,1.056201166041688
124,1.019004102944006,False,False,False,0.031757640511732285,0.03941886200283787,-0.058884054821884066,0.10434042796353699,0.08697024695417001,0.06208301640231552,0.3007086035748482,0.296981944659736,0.2882948734260338,1.0524647028322769,1.0457453174309228,0.40626786513531016,1.3886235999654102,1.4000844193268271,0.8646825266127766,1.4177803821621604,1.4264768164219366,1.0514851070379603
125,1.035778389906786,False,False,False,0.03228074521943712,0.04011851241013438,-0.055329088102102575,0.10470652062188987,0.08700311940816065,0.06323330611161165,0.3038083630545771,0.3000941765067931,0.2915101064801398,1.0507564917376058,1.0448623166832864,0.4104096193609386,1.383965405677865,1.3955416552895916,0.863599638474683,1.4024875870551508,1.4121221907567005,1.0467226419150608
126,1.0526996349335205,False,False,False,0.0328940968574708,0.041081909235709736,-0.051963124809712505,0.10533955845789132,0.08731128882001227,0.06425603322414315,0.3070423992309885,0.3033895710508903,0.29490293316302024,1.049350207232511,1.0444169632158964,0.41445549430822465,1.37789789495984,1.3912409953168254,0.863565683967479,1.3881751682226022,1.3964204794226915,1.043650198443647
127,1.0704711251779513,False,False,False,0.03382670031534767,0.04236020627285292,-0.04879854289591283,0.1060517704703553,0.0880596842175561,0.06539127394313089,0.3101787853635501,0.30668366373647665,0.29836323282356936,1.0467022861088284,1.0427695329395472,0.41801217207521635,1.3632745350094908,1.3739658710984164,0.8656876954600764,1.3756110064053855,1.3869629239834873,1.0413516612883749
128,1.0884330819607717,False,False,False,0.0344529491787758,0.04339087282434427,-0.04561539397792128,0.10632981202227851,0.08856058767064695,0.06624808749013285,0.313187798059643,0.30996831785409595,0.3017890530989195,1.043734703677665,1.0410377300601044,0.4223156407877596,1.3377657008576707,1.3488558996092541,0.866171310734729,1.370687173120119,1.382301849733308,1.0387689708854981
129,1.09967127199599,False,False,False,0.035179604851916714,0.0444838908939211,-0.04207497229022903,0.10715236516690732,0.08924848802948875,0.06727165293762487,0.31627755131316776,0.31331866865680835,0.3053298211251047,1.0427822175707067,1.0411397567671818,0.42685437348594435,1.3322210633453717,1.34384845959848,0.8689841447436774,1.3690146799472307,1.3805020572309818,1.0356254189380214
130,1.110826304079465,False,False,False,0.03600378758707857,0.04543871714406908,-0.03876549493710044,0.10738847393616466,0.09004328811776655,0.06841902980548752,0.3194129576213999,0.3167392588012595,0.30874819835272893,1.0424685026077942,1.0419038812828272,0.4313878025954539,1.3317912862838144,1.344799852153442,0.8716400081965114,1.3679616081432258,1.3801551759817254,1.0338791036597839
131,1.1201949432371412,False,False,False,0.037490303741185234,0.04661022983330564,-0.03576650578570575,0.10843962474109188,0.09142618361190129,0.06972237639729638,0.32302722723081445,0.3206122130156562,0.312536924268526,1.0443384950098273,1.0453040814252095,0.43502678380925447,1.3529101552934186,1.3648729749193225,0.8752317294193039,1.370332908853191,1.3831876063442725,1.0353792856244646
132,1.1325116712734296,False,False,False,0.03749536643466315,0.046716795266404855,-0.03299275427967757,0.10847414824055022,0.09179228825788151,0.07060417604896004,0.3259983960028508,0.3238080330992188,0.31614364736979017,1.041954820127701,1.0436537963294203,0.4384290847832281,1.3372111024970559,1.3505775749811504,0.8758407601677528,1.3679547188084564,1.3798050542602773,1.033387681644731
133,1.1449130159570098,False,False,False,0.03734882767604326,0.046752061345358656,-0.030368533988307925,0.10826626795182424,0.09218509604519581,0.07148542987372786,0.3288679753064606,0.32696379941272063,0.31966602297510277,1.0402008599300037,1.0425351491818975,0.4421899246099033,1.315937023906029,1.3296296706848405,0.8758387532721919,1.365512400892529,1.3767160907673792,1.0322064052554107
134,1.1576829886401407,False,False,False,0.037210491243753474,0.04679382235765691,-0.027577988409714562,0.10893651605317542,0.09309016194706145,0.07256441333493484,0.33191404014789216,0.3302308917138952,0.3232500812087774,1.0387829990058968,1.0413745587956447,0.44677184315193347,1.294280515758417,1.307321037604745,0.8745660001325133,1.363452150813468,1.3739061356563045,1.0305887498377908
135,1.1696949345454053,False,False,False,0.03715727025293073,0.04675447473454303,-0.02476520304913748,0.10952367452914838,0.09400426602466881,0.07377807609367489,0.33510520562508084,0.3336016572880135,0.32695381153000463,1.037739486898176,1.040585725105979,0.4522710288313189,1.2820693427993088,1.2943419564885166,0.8733789625105377,1.3625110756023049,1.3723853949810707,1.0302166552256569
136,1.1817495896565817,False,False,False,0.037084795241900975,0.04669906248998534,-0.02201677083958322,0.10961189261482,0.0949280132250733,0.07494758914619348,0.3385042152968625,0.3371842894257258,0.3308144325386593,1.0369371804365055,1.0401141024936664,0.4581079715678924,1.2716083869047228,1.2840741968912222,0.8719556466919756,1.3619286644066384,1.3714261010119801,1.0310015744529737
137,1.1938277512713094,False,False,False,0.03688377655537897,0.04650204856657163,-0.018923240465821483,0.11042002625503475,0.09624486332467992,0.07616793030472034,0.34195367418720607,0.3407291302604668,0.3346595438203227,1.0368420473220699,1.0398039173548403,0.46642113834987775,1.262704661714565,1.2745422573945187,0.8718181299166871,1.3615482042701688,1.370610488473367,1.0312838944604832
138,1.2057124116287659,False,False,False,0.03711840750577379,0.04633478404556412,-0.01710167837939784,0.11000307065034082,0.09734976586773035,0.07763884278035353,0.34530660359328735,0.34425035878596966,0.3384361098278585,1.035385661642594,1.0394825955552323,0.4687860756598923,1.251349997261537,1.2646986977295152,0.8694143074597441,1.3613004350965539,1.370171243632737,1.0327706775918348
139,1.21855100687322,False,False,False,0.03690842103822688,0.04601432765872266,-0.014683599880845302,0.11084303536506206,0.09906715385806467,0.07897085057289462,0.348850223909343,0.3478739903199098,0.34249489245695935,1.0340227208422306,1.038501984277484,0.47237395888619,1.2354438656922602,1.247640500170397,0.8663445176367636,1.3605636469823115,1.3692323273611813,1.032925421419769
140,1.2311271199248006,False,False,False,0.036726713422672065,0.04564731994770125,-0.012626646344592754,0.11120109722326571,0.10073177679577561,0.08050822419166981,0.3524504703347702,0.35153415398309956,0.346483508508676,1.0323282380490513,1.0376334186299354,0.4744586303497355,1.2220549330782386,1.233687783324639,0.8628826505216963,1.3602493026897524,1.3689049496220165,1.0340377449894578
141,1.2428090977568647,False,False,False,0.03684171478609068,0.0453982409299798,-0.010318499063545723,0.11207664947946189,0.10284213057723077,0.08229725042463713,0.3565821577634296,0.3555884237702515,0.350736997007225,1.0335161470942869,1.0390620278160907,0.48011854539998344,1.2205043053474143,1.2333564855965335,0.8629900701127641,1.361229609690259,1.3696840641741708,1.033572378816809
142,1.2562001497734727,False,False,False,0.036349654829498375,0.04471566355993998,-0.008609044534152899,0.1127080369394164,0.10474390175998059,0.08403200971097506,0.36025118944916945,0.359188455122455,0.3544637753498251,1.0312675941920284,1.037144383894801,0.482153269936487,1.1993289058825556,1.211659760201215,0.8585403496782053,1.3609096222913615,1.3692128477675014,1.0325350345262236
143,1.269218561159291,False,False,False,0.03565146080427334,0.04391695692442979,-0.007213050210425505,0.11255774594453281,0.10557544883254265,0.08521905626033979,0.3638659384083978,0.36271600653454567,0.35829263065404,1.0292113128100333,1.035415132321631,0.4827640789974979,1.1811555699246319,1.1908773903972645,0.8525826873602683,1.3608863313534192,1.3690457547833135,1.031146816637784
144,1.282400750769571,False,True,False,0.03385917145048539,0.043083386236130575,-0.006064995067796033,0.1148366591799098,0.10729345883545077,0.0865417687062146,0.3679934959875274,0.3665807885929111,0.3621753335568274,1.0276165625805591,1.03426923725565,0.48351822009146544,1.161758650138291,1.1688062360092417,0.8469593343939213,1.3614669432701718,1.3691948904362776,1.0304100157981642
